image_name,object_path,latitude,longitude,subdistrict,district,province,source,release_id,captured_period,zoom,width,height
img_0001.jpg,images/2026_03-08/img_0001.jpg,6.990095,100.460487,หาดใหญ่,อำเภอหาดใหญ่,สงขลา,district_grid,26334,2026-03_to_2026-08,17,640,640
img_0002.jpg,images/2026_03-08/img_0002.jpg,7.00429,100.461308,หาดใหญ่,อำเภอหาดใหญ่,สงขลา,district_grid,26334,2026-03_to_2026-08,17,640,640
img_0003.jpg,images/2026_03-08/img_0003.jpg,7.024048,100.458526,หาดใหญ่,อำเภอหาดใหญ่,สงขลา,district_grid,26334,2026-03_to_2026-08,17,640,640
img_0004.jpg,images/2026_03-08/img_0004.jpg,7.009448,100.470288,หาดใหญ่,อำเภอหาดใหญ่,สงขลา,district_grid,26334,2026-03_to_2026-08,17,640,640
img_0005.jpg,images/2026_03-08/img_0005.jpg,7.022083,100.463386,หาดใหญ่,อำเภอหาดใหญ่,สงขลา,district_grid,26334,2026-03_to_2026-08,17,640,640
img_0006.jpg,images/2026_03-08/img_0006.jpg,7.001489,100.470352,หาดใหญ่,อำเภอหาดใหญ่,สงขลา,district_grid,26334,2026-03_to_2026-08,17,640,640
img_0007.jpg,images/2026_03-08/img_0007.jpg,6.997807,100.457067,หาดใหญ่,อำเภอหาดใหญ่,สงขลา,district_grid,26334,2026-03_to_2026-08,17,640,640
img_0008.jpg,images/2026_03-08/img_0008.jpg,7.005451,100.460505,หาดใหญ่,อำเภอหาดใหญ่,สงขลา,district_grid,26334,2026-03_to_2026-08,17,640,640
img_0009.jpg,images/2026_03-08/img_0009.jpg,7.011904,100.459795,หาดใหญ่,อำเภอหาดใหญ่,สงขลา,district_grid,26334,2026-03_to_2026-08,17,640,640
img_0010.jpg,images/2026_03-08/img_0010.jpg,7.000618,100.474933,หาดใหญ่,อำเภอหาดใหญ่,สงขลา,district_grid,26334,2026-03_to_2026-08,17,640,640
img_0011.jpg,images/2026_03-08/img_0011.jpg,7.024216,100.460711,หาดใหญ่,อำเภอหาดใหญ่,สงขลา,district_grid,26334,2026-03_to_2026-08,17,640,640
img_0012.jpg,images/2026_03-08/img_0012.jpg,6.993687,100.488603,หาดใหญ่,อำเภอหาดใหญ่,สงขลา,district_grid,26334,2026-03_to_2026-08,17,640,640
img_0013.jpg,images/2026_03-08/img_0013.jpg,6.988849,100.493446,หาดใหญ่,อำเภอหาดใหญ่,สงขลา,district_grid,26334,2026-03_to_2026-08,17,640,640
img_0014.jpg,images/2026_03-08/img_0014.jpg,7.010936,100.467613,หาดใหญ่,อำเภอหาดใหญ่,สงขลา,district_grid,26334,2026-03_to_2026-08,17,640,640
img_0015.jpg,images/2026_03-08/img_0015.jpg,7.021514,100.487752,หาดใหญ่,อำเภอหาดใหญ่,สงขลา,district_grid,26334,2026-03_to_2026-08,17,640,640
img_0016.jpg,images/2026_03-08/img_0016.jpg,7.001738,100.48906,หาดใหญ่,อำเภอหาดใหญ่,สงขลา,district_grid,26334,2026-03_to_2026-08,17,640,640
img_0017.jpg,images/2026_03-08/img_0017.jpg,6.996274,100.481356,หาดใหญ่,อำเภอหาดใหญ่,สงขลา,district_grid,26334,2026-03_to_2026-08,17,640,640
img_0018.jpg,images/2026_03-08/img_0018.jpg,7.009083,100.489374,หาดใหญ่,อำเภอหาดใหญ่,สงขลา,district_grid,26334,2026-03_to_2026-08,17,640,640
img_0019.jpg,images/2026_03-08/img_0019.jpg,7.000611,100.47293,หาดใหญ่,อำเภอหาดใหญ่,สงขลา,district_grid,26334,2026-03_to_2026-08,17,640,640
img_0020.jpg,images/2026_03-08/img_0020.jpg,7.018771,100.47751,หาดใหญ่,อำเภอหาดใหญ่,สงขลา,district_grid,26334,2026-03_to_2026-08,17,640,640
img_0021.jpg,images/2026_03-08/img_0021.jpg,7.015393,100.482534,หาดใหญ่,อำเภอหาดใหญ่,สงขลา,district_grid,26334,2026-03_to_2026-08,17,640,640
img_0022.jpg,images/2026_03-08/img_0022.jpg,7.014666,100.492604,หาดใหญ่,อำเภอหาดใหญ่,สงขลา,district_grid,26334,2026-03_to_2026-08,17,640,640
img_0023.jpg,images/2026_03-08/img_0023.jpg,7.007445,100.483739,หาดใหญ่,อำเภอหาดใหญ่,สงขลา,district_grid,26334,2026-03_to_2026-08,17,640,640
img_0024.jpg,images/2026_03-08/img_0024.jpg,7.002981,100.458274,หาดใหญ่,อำเภอหาดใหญ่,สงขลา,district_grid,26334,2026-03_to_2026-08,17,640,640
img_0025.jpg,images/2026_03-08/img_0025.jpg,7.018167,100.464259,หาดใหญ่,อำเภอหาดใหญ่,สงขลา,district_grid,26334,2026-03_to_2026-08,17,640,640
img_0026.jpg,images/2026_03-08/img_0026.jpg,7.020808,100.493546,หาดใหญ่,อำเภอหาดใหญ่,สงขลา,district_grid,26334,2026-03_to_2026-08,17,640,640
img_0027.jpg,images/2026_03-08/img_0027.jpg,7.014323,100.463805,หาดใหญ่,อำเภอหาดใหญ่,สงขลา,district_grid,26334,2026-03_to_2026-08,17,640,640
img_0028.jpg,images/2026_03-08/img_0028.jpg,7.001477,100.472648,หาดใหญ่,อำเภอหาดใหญ่,สงขลา,district_grid,26334,2026-03_to_2026-08,17,640,640
img_0029.jpg,images/2026_03-08/img_0029.jpg,6.990932,100.475271,หาดใหญ่,อำเภอหาดใหญ่,สงขลา,district_grid,26334,2026-03_to_2026-08,17,640,640
img_0030.jpg,images/2026_03-08/img_0030.jpg,7.010927,100.470444,หาดใหญ่,อำเภอหาดใหญ่,สงขลา,district_grid,26334,2026-03_to_2026-08,17,640,640
img_0031.jpg,images/2026_03-08/img_0031.jpg,6.995562,100.460526,หาดใหญ่,อำเภอหาดใหญ่,สงขลา,district_grid,26334,2026-03_to_2026-08,17,640,640
img_0032.jpg,images/2026_03-08/img_0032.jpg,7.013133,100.457513,หาดใหญ่,อำเภอหาดใหญ่,สงขลา,district_grid,26334,2026-03_to_2026-08,17,640,640
img_0033.jpg,images/2026_03-08/img_0033.jpg,7.002077,100.466165,หาดใหญ่,อำเภอหาดใหญ่,สงขลา,district_grid,26334,2026-03_to_2026-08,17,640,640
img_0034.jpg,images/2026_03-08/img_0034.jpg,7.00928,100.485947,หาดใหญ่,อำเภอหาดใหญ่,สงขลา,district_grid,26334,2026-03_to_2026-08,17,640,640
img_0035.jpg,images/2026_03-08/img_0035.jpg,7.024366,100.482552,หาดใหญ่,อำเภอหาดใหญ่,สงขลา,district_grid,26334,2026-03_to_2026-08,17,640,640
img_0036.jpg,images/2026_03-08/img_0036.jpg,7.027672,100.495562,หาดใหญ่,อำเภอหาดใหญ่,สงขลา,district_grid,26334,2026-03_to_2026-08,17,640,640
img_0037.jpg,images/2026_03-08/img_0037.jpg,7.0132,100.466335,หาดใหญ่,อำเภอหาดใหญ่,สงขลา,district_grid,26334,2026-03_to_2026-08,17,640,640
img_0038.jpg,images/2026_03-08/img_0038.jpg,7.007352,100.464104,หาดใหญ่,อำเภอหาดใหญ่,สงขลา,district_grid,26334,2026-03_to_2026-08,17,640,640
img_0039.jpg,images/2026_03-08/img_0039.jpg,7.011678,100.43278,ควนลัง,อำเภอหาดใหญ่,สงขลา,district_grid,26334,2026-03_to_2026-08,17,640,640
img_0040.jpg,images/2026_03-08/img_0040.jpg,7.002066,100.416765,ควนลัง,อำเภอหาดใหญ่,สงขลา,district_grid,26334,2026-03_to_2026-08,17,640,640
img_0041.jpg,images/2026_03-08/img_0041.jpg,6.977389,100.422727,ควนลัง,อำเภอหาดใหญ่,สงขลา,district_grid,26334,2026-03_to_2026-08,17,640,640
img_0042.jpg,images/2026_03-08/img_0042.jpg,6.982254,100.429082,ควนลัง,อำเภอหาดใหญ่,สงขลา,district_grid,26334,2026-03_to_2026-08,17,640,640
img_0043.jpg,images/2026_03-08/img_0043.jpg,6.982877,100.432371,ควนลัง,อำเภอหาดใหญ่,สงขลา,district_grid,26334,2026-03_to_2026-08,17,640,640
img_0044.jpg,images/2026_03-08/img_0044.jpg,6.988814,100.419345,ควนลัง,อำเภอหาดใหญ่,สงขลา,district_grid,26334,2026-03_to_2026-08,17,640,640
img_0045.jpg,images/2026_03-08/img_0045.jpg,6.974504,100.429202,ควนลัง,อำเภอหาดใหญ่,สงขลา,district_grid,26334,2026-03_to_2026-08,17,640,640
img_0046.jpg,images/2026_03-08/img_0046.jpg,6.975552,100.432328,ควนลัง,อำเภอหาดใหญ่,สงขลา,district_grid,26334,2026-03_to_2026-08,17,640,640
img_0047.jpg,images/2026_03-08/img_0047.jpg,6.972342,100.436432,ควนลัง,อำเภอหาดใหญ่,สงขลา,district_grid,26334,2026-03_to_2026-08,17,640,640
img_0048.jpg,images/2026_03-08/img_0048.jpg,6.974939,100.442768,ควนลัง,อำเภอหาดใหญ่,สงขลา,district_grid,26334,2026-03_to_2026-08,17,640,640
img_0049.jpg,images/2026_03-08/img_0049.jpg,6.988168,100.454414,ควนลัง,อำเภอหาดใหญ่,สงขลา,district_grid,26334,2026-03_to_2026-08,17,640,640
img_0050.jpg,images/2026_03-08/img_0050.jpg,6.982502,100.4339,ควนลัง,อำเภอหาดใหญ่,สงขลา,district_grid,26334,2026-03_to_2026-08,17,640,640
img_0051.jpg,images/2026_03-08/img_0051.jpg,7.002033,100.428393,ควนลัง,อำเภอหาดใหญ่,สงขลา,district_grid,26334,2026-03_to_2026-08,17,640,640
img_0052.jpg,images/2026_03-08/img_0052.jpg,6.985935,100.440565,ควนลัง,อำเภอหาดใหญ่,สงขลา,district_grid,26334,2026-03_to_2026-08,17,640,640
img_0053.jpg,images/2026_03-08/img_0053.jpg,7.010787,100.450355,ควนลัง,อำเภอหาดใหญ่,สงขลา,district_grid,26334,2026-03_to_2026-08,17,640,640
img_0054.jpg,images/2026_03-08/img_0054.jpg,6.988762,100.443709,ควนลัง,อำเภอหาดใหญ่,สงขลา,district_grid,26334,2026-03_to_2026-08,17,640,640
img_0055.jpg,images/2026_03-08/img_0055.jpg,6.999162,100.429884,ควนลัง,อำเภอหาดใหญ่,สงขลา,district_grid,26334,2026-03_to_2026-08,17,640,640
img_0056.jpg,images/2026_03-08/img_0056.jpg,6.981399,100.418135,ควนลัง,อำเภอหาดใหญ่,สงขลา,district_grid,26334,2026-03_to_2026-08,17,640,640
img_0057.jpg,images/2026_03-08/img_0057.jpg,7.007156,100.417286,ควนลัง,อำเภอหาดใหญ่,สงขลา,district_grid,26334,2026-03_to_2026-08,17,640,640
img_0058.jpg,images/2026_03-08/img_0058.jpg,6.992748,100.436501,ควนลัง,อำเภอหาดใหญ่,สงขลา,district_grid,26334,2026-03_to_2026-08,17,640,640
img_0059.jpg,images/2026_03-08/img_0059.jpg,6.977846,100.441237,ควนลัง,อำเภอหาดใหญ่,สงขลา,district_grid,26334,2026-03_to_2026-08,17,640,640
img_0060.jpg,images/2026_03-08/img_0060.jpg,7.008633,100.446045,ควนลัง,อำเภอหาดใหญ่,สงขลา,district_grid,26334,2026-03_to_2026-08,17,640,640
img_0061.jpg,images/2026_03-08/img_0061.jpg,6.98757,100.420059,ควนลัง,อำเภอหาดใหญ่,สงขลา,district_grid,26334,2026-03_to_2026-08,17,640,640
img_0062.jpg,images/2026_03-08/img_0062.jpg,7.010997,100.435684,ควนลัง,อำเภอหาดใหญ่,สงขลา,district_grid,26334,2026-03_to_2026-08,17,640,640
img_0063.jpg,images/2026_03-08/img_0063.jpg,6.997185,100.447091,ควนลัง,อำเภอหาดใหญ่,สงขลา,district_grid,26334,2026-03_to_2026-08,17,640,640
img_0064.jpg,images/2026_03-08/img_0064.jpg,6.98745,100.417482,ควนลัง,อำเภอหาดใหญ่,สงขลา,district_grid,26334,2026-03_to_2026-08,17,640,640
img_0065.jpg,images/2026_03-08/img_0065.jpg,6.977441,100.441738,ควนลัง,อำเภอหาดใหญ่,สงขลา,district_grid,26334,2026-03_to_2026-08,17,640,640
img_0066.jpg,images/2026_03-08/img_0066.jpg,6.985982,100.449843,ควนลัง,อำเภอหาดใหญ่,สงขลา,district_grid,26334,2026-03_to_2026-08,17,640,640
img_0067.jpg,images/2026_03-08/img_0067.jpg,7.001607,100.454218,ควนลัง,อำเภอหาดใหญ่,สงขลา,district_grid,26334,2026-03_to_2026-08,17,640,640
img_0068.jpg,images/2026_03-08/img_0068.jpg,6.998753,100.427152,ควนลัง,อำเภอหาดใหญ่,สงขลา,district_grid,26334,2026-03_to_2026-08,17,640,640
img_0069.jpg,images/2026_03-08/img_0069.jpg,7.003644,100.41613,ควนลัง,อำเภอหาดใหญ่,สงขลา,district_grid,26334,2026-03_to_2026-08,17,640,640
img_0070.jpg,images/2026_03-08/img_0070.jpg,6.992864,100.449856,ควนลัง,อำเภอหาดใหญ่,สงขลา,district_grid,26334,2026-03_to_2026-08,17,640,640
img_0071.jpg,images/2026_03-08/img_0071.jpg,6.992589,100.420495,ควนลัง,อำเภอหาดใหญ่,สงขลา,district_grid,26334,2026-03_to_2026-08,17,640,640
img_0072.jpg,images/2026_03-08/img_0072.jpg,6.992005,100.436818,ควนลัง,อำเภอหาดใหญ่,สงขลา,district_grid,26334,2026-03_to_2026-08,17,640,640
img_0073.jpg,images/2026_03-08/img_0073.jpg,6.98676,100.450737,ควนลัง,อำเภอหาดใหญ่,สงขลา,district_grid,26334,2026-03_to_2026-08,17,640,640
img_0074.jpg,images/2026_03-08/img_0074.jpg,6.985603,100.42587,ควนลัง,อำเภอหาดใหญ่,สงขลา,district_grid,26334,2026-03_to_2026-08,17,640,640
img_0075.jpg,images/2026_03-08/img_0075.jpg,6.992252,100.423131,ควนลัง,อำเภอหาดใหญ่,สงขลา,district_grid,26334,2026-03_to_2026-08,17,640,640
img_0076.jpg,images/2026_03-08/img_0076.jpg,6.984882,100.430927,ควนลัง,อำเภอหาดใหญ่,สงขลา,district_grid,26334,2026-03_to_2026-08,17,640,640
img_0077.jpg,images/2026_03-08/img_0077.jpg,7.06253,100.468214,คลองแห,อำเภอหาดใหญ่,สงขลา,district_grid,26334,2026-03_to_2026-08,17,640,640
img_0078.jpg,images/2026_03-08/img_0078.jpg,7.032884,100.47298,คลองแห,อำเภอหาดใหญ่,สงขลา,district_grid,26334,2026-03_to_2026-08,17,640,640
img_0079.jpg,images/2026_03-08/img_0079.jpg,7.064811,100.500632,คลองแห,อำเภอหาดใหญ่,สงขลา,district_grid,26334,2026-03_to_2026-08,17,640,640
img_0080.jpg,images/2026_03-08/img_0080.jpg,7.032767,100.487585,คลองแห,อำเภอหาดใหญ่,สงขลา,district_grid,26334,2026-03_to_2026-08,17,640,640
img_0081.jpg,images/2026_03-08/img_0081.jpg,7.028404,100.477681,คลองแห,อำเภอหาดใหญ่,สงขลา,district_grid,26334,2026-03_to_2026-08,17,640,640
img_0082.jpg,images/2026_03-08/img_0082.jpg,7.038646,100.486507,คลองแห,อำเภอหาดใหญ่,สงขลา,district_grid,26334,2026-03_to_2026-08,17,640,640
img_0083.jpg,images/2026_03-08/img_0083.jpg,7.062175,100.497361,คลองแห,อำเภอหาดใหญ่,สงขลา,district_grid,26334,2026-03_to_2026-08,17,640,640
img_0084.jpg,images/2026_03-08/img_0084.jpg,7.046367,100.496443,คลองแห,อำเภอหาดใหญ่,สงขลา,district_grid,26334,2026-03_to_2026-08,17,640,640
img_0085.jpg,images/2026_03-08/img_0085.jpg,7.044358,100.494222,คลองแห,อำเภอหาดใหญ่,สงขลา,district_grid,26334,2026-03_to_2026-08,17,640,640
img_0086.jpg,images/2026_03-08/img_0086.jpg,7.056078,100.475274,คลองแห,อำเภอหาดใหญ่,สงขลา,district_grid,26334,2026-03_to_2026-08,17,640,640
img_0087.jpg,images/2026_03-08/img_0087.jpg,7.058311,100.488118,คลองแห,อำเภอหาดใหญ่,สงขลา,district_grid,26334,2026-03_to_2026-08,17,640,640
img_0088.jpg,images/2026_03-08/img_0088.jpg,7.044445,100.480833,คลองแห,อำเภอหาดใหญ่,สงขลา,district_grid,26334,2026-03_to_2026-08,17,640,640
img_0089.jpg,images/2026_03-08/img_0089.jpg,7.033966,100.48505,คลองแห,อำเภอหาดใหญ่,สงขลา,district_grid,26334,2026-03_to_2026-08,17,640,640
img_0090.jpg,images/2026_03-08/img_0090.jpg,7.030044,100.490391,คลองแห,อำเภอหาดใหญ่,สงขลา,district_grid,26334,2026-03_to_2026-08,17,640,640
img_0091.jpg,images/2026_03-08/img_0091.jpg,7.060931,100.496621,คลองแห,อำเภอหาดใหญ่,สงขลา,district_grid,26334,2026-03_to_2026-08,17,640,640
img_0092.jpg,images/2026_03-08/img_0092.jpg,7.049366,100.484779,คลองแห,อำเภอหาดใหญ่,สงขลา,district_grid,26334,2026-03_to_2026-08,17,640,640
img_0093.jpg,images/2026_03-08/img_0093.jpg,7.052831,100.469893,คลองแห,อำเภอหาดใหญ่,สงขลา,district_grid,26334,2026-03_to_2026-08,17,640,640
img_0094.jpg,images/2026_03-08/img_0094.jpg,7.027097,100.499466,คลองแห,อำเภอหาดใหญ่,สงขลา,district_grid,26334,2026-03_to_2026-08,17,640,640
img_0095.jpg,images/2026_03-08/img_0095.jpg,7.039474,100.491758,คลองแห,อำเภอหาดใหญ่,สงขลา,district_grid,26334,2026-03_to_2026-08,17,640,640
img_0096.jpg,images/2026_03-08/img_0096.jpg,7.04183,100.479347,คลองแห,อำเภอหาดใหญ่,สงขลา,district_grid,26334,2026-03_to_2026-08,17,640,640
img_0097.jpg,images/2026_03-08/img_0097.jpg,7.055811,100.478721,คลองแห,อำเภอหาดใหญ่,สงขลา,district_grid,26334,2026-03_to_2026-08,17,640,640
img_0098.jpg,images/2026_03-08/img_0098.jpg,7.055149,100.497819,คลองแห,อำเภอหาดใหญ่,สงขลา,district_grid,26334,2026-03_to_2026-08,17,640,640
img_0099.jpg,images/2026_03-08/img_0099.jpg,7.032227,100.504089,คลองแห,อำเภอหาดใหญ่,สงขลา,district_grid,26334,2026-03_to_2026-08,17,640,640
img_0100.jpg,images/2026_03-08/img_0100.jpg,7.027498,100.481589,คลองแห,อำเภอหาดใหญ่,สงขลา,district_grid,26334,2026-03_to_2026-08,17,640,640
img_0101.jpg,images/2026_03-08/img_0101.jpg,7.045019,100.498174,คลองแห,อำเภอหาดใหญ่,สงขลา,district_grid,26334,2026-03_to_2026-08,17,640,640
img_0102.jpg,images/2026_03-08/img_0102.jpg,7.031995,100.487361,คลองแห,อำเภอหาดใหญ่,สงขลา,district_grid,26334,2026-03_to_2026-08,17,640,640
img_0103.jpg,images/2026_03-08/img_0103.jpg,7.039741,100.501867,คลองแห,อำเภอหาดใหญ่,สงขลา,district_grid,26334,2026-03_to_2026-08,17,640,640
img_0104.jpg,images/2026_03-08/img_0104.jpg,7.029893,100.475617,คลองแห,อำเภอหาดใหญ่,สงขลา,district_grid,26334,2026-03_to_2026-08,17,640,640
img_0105.jpg,images/2026_03-08/img_0105.jpg,7.057792,100.477889,คลองแห,อำเภอหาดใหญ่,สงขลา,district_grid,26334,2026-03_to_2026-08,17,640,640
img_0106.jpg,images/2026_03-08/img_0106.jpg,7.062769,100.467064,คลองแห,อำเภอหาดใหญ่,สงขลา,district_grid,26334,2026-03_to_2026-08,17,640,640
img_0107.jpg,images/2026_03-08/img_0107.jpg,7.040537,100.469299,คลองแห,อำเภอหาดใหญ่,สงขลา,district_grid,26334,2026-03_to_2026-08,17,640,640
img_0108.jpg,images/2026_03-08/img_0108.jpg,7.047941,100.503525,คลองแห,อำเภอหาดใหญ่,สงขลา,district_grid,26334,2026-03_to_2026-08,17,640,640
img_0109.jpg,images/2026_03-08/img_0109.jpg,7.037988,100.490873,คลองแห,อำเภอหาดใหญ่,สงขลา,district_grid,26334,2026-03_to_2026-08,17,640,640
img_0110.jpg,images/2026_03-08/img_0110.jpg,7.035637,100.482569,คลองแห,อำเภอหาดใหญ่,สงขลา,district_grid,26334,2026-03_to_2026-08,17,640,640
img_0111.jpg,images/2026_03-08/img_0111.jpg,7.047861,100.474937,คลองแห,อำเภอหาดใหญ่,สงขลา,district_grid,26334,2026-03_to_2026-08,17,640,640
img_0112.jpg,images/2026_03-08/img_0112.jpg,7.052619,100.48504,คลองแห,อำเภอหาดใหญ่,สงขลา,district_grid,26334,2026-03_to_2026-08,17,640,640
img_0113.jpg,images/2026_03-08/img_0113.jpg,7.061219,100.476001,คลองแห,อำเภอหาดใหญ่,สงขลา,district_grid,26334,2026-03_to_2026-08,17,640,640
img_0114.jpg,images/2026_03-08/img_0114.jpg,7.063194,100.472288,คลองแห,อำเภอหาดใหญ่,สงขลา,district_grid,26334,2026-03_to_2026-08,17,640,640
img_0115.jpg,images/2026_03-08/img_0115.jpg,6.985796,100.516408,คอหงส์,อำเภอหาดใหญ่,สงขลา,district_grid,26334,2026-03_to_2026-08,17,640,640
img_0116.jpg,images/2026_03-08/img_0116.jpg,7.014351,100.509093,คอหงส์,อำเภอหาดใหญ่,สงขลา,district_grid,26334,2026-03_to_2026-08,17,640,640
img_0117.jpg,images/2026_03-08/img_0117.jpg,6.98671,100.529925,คอหงส์,อำเภอหาดใหญ่,สงขลา,district_grid,26334,2026-03_to_2026-08,17,640,640
img_0118.jpg,images/2026_03-08/img_0118.jpg,6.990662,100.524819,คอหงส์,อำเภอหาดใหญ่,สงขลา,district_grid,26334,2026-03_to_2026-08,17,640,640
img_0119.jpg,images/2026_03-08/img_0119.jpg,7.020661,100.498834,คอหงส์,อำเภอหาดใหญ่,สงขลา,district_grid,26334,2026-03_to_2026-08,17,640,640
img_0120.jpg,images/2026_03-08/img_0120.jpg,7.019558,100.508536,คอหงส์,อำเภอหาดใหญ่,สงขลา,district_grid,26334,2026-03_to_2026-08,17,640,640
img_0121.jpg,images/2026_03-08/img_0121.jpg,7.020983,100.525501,คอหงส์,อำเภอหาดใหญ่,สงขลา,district_grid,26334,2026-03_to_2026-08,17,640,640
img_0122.jpg,images/2026_03-08/img_0122.jpg,7.015972,100.501548,คอหงส์,อำเภอหาดใหญ่,สงขลา,district_grid,26334,2026-03_to_2026-08,17,640,640
img_0123.jpg,images/2026_03-08/img_0123.jpg,7.008204,100.529253,คอหงส์,อำเภอหาดใหญ่,สงขลา,district_grid,26334,2026-03_to_2026-08,17,640,640
img_0124.jpg,images/2026_03-08/img_0124.jpg,6.997825,100.50546,คอหงส์,อำเภอหาดใหญ่,สงขลา,district_grid,26334,2026-03_to_2026-08,17,640,640
img_0125.jpg,images/2026_03-08/img_0125.jpg,7.01252,100.492505,คอหงส์,อำเภอหาดใหญ่,สงขลา,district_grid,26334,2026-03_to_2026-08,17,640,640
img_0126.jpg,images/2026_03-08/img_0126.jpg,6.995134,100.496721,คอหงส์,อำเภอหาดใหญ่,สงขลา,district_grid,26334,2026-03_to_2026-08,17,640,640
img_0127.jpg,images/2026_03-08/img_0127.jpg,7.001642,100.506999,คอหงส์,อำเภอหาดใหญ่,สงขลา,district_grid,26334,2026-03_to_2026-08,17,640,640
img_0128.jpg,images/2026_03-08/img_0128.jpg,7.009282,100.509872,คอหงส์,อำเภอหาดใหญ่,สงขลา,district_grid,26334,2026-03_to_2026-08,17,640,640
img_0129.jpg,images/2026_03-08/img_0129.jpg,6.991591,100.491865,คอหงส์,อำเภอหาดใหญ่,สงขลา,district_grid,26334,2026-03_to_2026-08,17,640,640
img_0130.jpg,images/2026_03-08/img_0130.jpg,7.005991,100.520554,คอหงส์,อำเภอหาดใหญ่,สงขลา,district_grid,26334,2026-03_to_2026-08,17,640,640
img_0131.jpg,images/2026_03-08/img_0131.jpg,7.022076,100.523586,คอหงส์,อำเภอหาดใหญ่,สงขลา,district_grid,26334,2026-03_to_2026-08,17,640,640
img_0132.jpg,images/2026_03-08/img_0132.jpg,6.99711,100.524627,คอหงส์,อำเภอหาดใหญ่,สงขลา,district_grid,26334,2026-03_to_2026-08,17,640,640
img_0133.jpg,images/2026_03-08/img_0133.jpg,7.003696,100.501298,คอหงส์,อำเภอหาดใหญ่,สงขลา,district_grid,26334,2026-03_to_2026-08,17,640,640
img_0134.jpg,images/2026_03-08/img_0134.jpg,6.988686,100.507708,คอหงส์,อำเภอหาดใหญ่,สงขลา,district_grid,26334,2026-03_to_2026-08,17,640,640
img_0135.jpg,images/2026_03-08/img_0135.jpg,7.006798,100.501172,คอหงส์,อำเภอหาดใหญ่,สงขลา,district_grid,26334,2026-03_to_2026-08,17,640,640
img_0136.jpg,images/2026_03-08/img_0136.jpg,6.992812,100.527636,คอหงส์,อำเภอหาดใหญ่,สงขลา,district_grid,26334,2026-03_to_2026-08,17,640,640
img_0137.jpg,images/2026_03-08/img_0137.jpg,6.987711,100.527576,คอหงส์,อำเภอหาดใหญ่,สงขลา,district_grid,26334,2026-03_to_2026-08,17,640,640
img_0138.jpg,images/2026_03-08/img_0138.jpg,7.001257,100.521661,คอหงส์,อำเภอหาดใหญ่,สงขลา,district_grid,26334,2026-03_to_2026-08,17,640,640
img_0139.jpg,images/2026_03-08/img_0139.jpg,6.989438,100.5128,คอหงส์,อำเภอหาดใหญ่,สงขลา,district_grid,26334,2026-03_to_2026-08,17,640,640
img_0140.jpg,images/2026_03-08/img_0140.jpg,7.015468,100.50744,คอหงส์,อำเภอหาดใหญ่,สงขลา,district_grid,26334,2026-03_to_2026-08,17,640,640
img_0141.jpg,images/2026_03-08/img_0141.jpg,6.999259,100.509729,คอหงส์,อำเภอหาดใหญ่,สงขลา,district_grid,26334,2026-03_to_2026-08,17,640,640
img_0142.jpg,images/2026_03-08/img_0142.jpg,6.992778,100.498465,คอหงส์,อำเภอหาดใหญ่,สงขลา,district_grid,26334,2026-03_to_2026-08,17,640,640
img_0143.jpg,images/2026_03-08/img_0143.jpg,6.994652,100.491502,คอหงส์,อำเภอหาดใหญ่,สงขลา,district_grid,26334,2026-03_to_2026-08,17,640,640
img_0144.jpg,images/2026_03-08/img_0144.jpg,7.021401,100.492938,คอหงส์,อำเภอหาดใหญ่,สงขลา,district_grid,26334,2026-03_to_2026-08,17,640,640
img_0145.jpg,images/2026_03-08/img_0145.jpg,7.022086,100.490438,คอหงส์,อำเภอหาดใหญ่,สงขลา,district_grid,26334,2026-03_to_2026-08,17,640,640
img_0146.jpg,images/2026_03-08/img_0146.jpg,7.011249,100.511877,คอหงส์,อำเภอหาดใหญ่,สงขลา,district_grid,26334,2026-03_to_2026-08,17,640,640
img_0147.jpg,images/2026_03-08/img_0147.jpg,6.986674,100.527659,คอหงส์,อำเภอหาดใหญ่,สงขลา,district_grid,26334,2026-03_to_2026-08,17,640,640
img_0148.jpg,images/2026_03-08/img_0148.jpg,7.014231,100.525165,คอหงส์,อำเภอหาดใหญ่,สงขลา,district_grid,26334,2026-03_to_2026-08,17,640,640
img_0149.jpg,images/2026_03-08/img_0149.jpg,7.002427,100.501655,คอหงส์,อำเภอหาดใหญ่,สงขลา,district_grid,26334,2026-03_to_2026-08,17,640,640
img_0150.jpg,images/2026_03-08/img_0150.jpg,6.992437,100.494509,คอหงส์,อำเภอหาดใหญ่,สงขลา,district_grid,26334,2026-03_to_2026-08,17,640,640
img_0151.jpg,images/2026_03-08/img_0151.jpg,7.011838,100.522872,คอหงส์,อำเภอหาดใหญ่,สงขลา,district_grid,26334,2026-03_to_2026-08,17,640,640
img_0152.jpg,images/2026_03-08/img_0152.jpg,6.99348,100.491039,คอหงส์,อำเภอหาดใหญ่,สงขลา,district_grid,26334,2026-03_to_2026-08,17,640,640
img_0153.jpg,images/2026_03-08/img_0153.jpg,6.934461,100.466115,บ้านพรุ,อำเภอหาดใหญ่,สงขลา,district_grid,26334,2026-03_to_2026-08,17,640,640
img_0154.jpg,images/2026_03-08/img_0154.jpg,6.928997,100.468882,บ้านพรุ,อำเภอหาดใหญ่,สงขลา,district_grid,26334,2026-03_to_2026-08,17,640,640
img_0155.jpg,images/2026_03-08/img_0155.jpg,6.946497,100.477384,บ้านพรุ,อำเภอหาดใหญ่,สงขลา,district_grid,26334,2026-03_to_2026-08,17,640,640
img_0156.jpg,images/2026_03-08/img_0156.jpg,6.942419,100.475603,บ้านพรุ,อำเภอหาดใหญ่,สงขลา,district_grid,26334,2026-03_to_2026-08,17,640,640
img_0157.jpg,images/2026_03-08/img_0157.jpg,6.959347,100.479877,บ้านพรุ,อำเภอหาดใหญ่,สงขลา,district_grid,26334,2026-03_to_2026-08,17,640,640
img_0158.jpg,images/2026_03-08/img_0158.jpg,6.921704,100.465569,บ้านพรุ,อำเภอหาดใหญ่,สงขลา,district_grid,26334,2026-03_to_2026-08,17,640,640
img_0159.jpg,images/2026_03-08/img_0159.jpg,6.949249,100.496505,บ้านพรุ,อำเภอหาดใหญ่,สงขลา,district_grid,26334,2026-03_to_2026-08,17,640,640
img_0160.jpg,images/2026_03-08/img_0160.jpg,6.925039,100.478404,บ้านพรุ,อำเภอหาดใหญ่,สงขลา,district_grid,26334,2026-03_to_2026-08,17,640,640
img_0161.jpg,images/2026_03-08/img_0161.jpg,6.954486,100.482072,บ้านพรุ,อำเภอหาดใหญ่,สงขลา,district_grid,26334,2026-03_to_2026-08,17,640,640
img_0162.jpg,images/2026_03-08/img_0162.jpg,6.920697,100.480835,บ้านพรุ,อำเภอหาดใหญ่,สงขลา,district_grid,26334,2026-03_to_2026-08,17,640,640
img_0163.jpg,images/2026_03-08/img_0163.jpg,6.93155,100.468535,บ้านพรุ,อำเภอหาดใหญ่,สงขลา,district_grid,26334,2026-03_to_2026-08,17,640,640
img_0164.jpg,images/2026_03-08/img_0164.jpg,6.957465,100.464229,บ้านพรุ,อำเภอหาดใหญ่,สงขลา,district_grid,26334,2026-03_to_2026-08,17,640,640
img_0165.jpg,images/2026_03-08/img_0165.jpg,6.953188,100.49012,บ้านพรุ,อำเภอหาดใหญ่,สงขลา,district_grid,26334,2026-03_to_2026-08,17,640,640
img_0166.jpg,images/2026_03-08/img_0166.jpg,6.943713,100.472995,บ้านพรุ,อำเภอหาดใหญ่,สงขลา,district_grid,26334,2026-03_to_2026-08,17,640,640
img_0167.jpg,images/2026_03-08/img_0167.jpg,6.923311,100.48675,บ้านพรุ,อำเภอหาดใหญ่,สงขลา,district_grid,26334,2026-03_to_2026-08,17,640,640
img_0168.jpg,images/2026_03-08/img_0168.jpg,6.958369,100.467192,บ้านพรุ,อำเภอหาดใหญ่,สงขลา,district_grid,26334,2026-03_to_2026-08,17,640,640
img_0169.jpg,images/2026_03-08/img_0169.jpg,6.925046,100.479007,บ้านพรุ,อำเภอหาดใหญ่,สงขลา,district_grid,26334,2026-03_to_2026-08,17,640,640
img_0170.jpg,images/2026_03-08/img_0170.jpg,6.954054,100.460213,บ้านพรุ,อำเภอหาดใหญ่,สงขลา,district_grid,26334,2026-03_to_2026-08,17,640,640
img_0171.jpg,images/2026_03-08/img_0171.jpg,6.951553,100.463452,บ้านพรุ,อำเภอหาดใหญ่,สงขลา,district_grid,26334,2026-03_to_2026-08,17,640,640
img_0172.jpg,images/2026_03-08/img_0172.jpg,6.921292,100.465856,บ้านพรุ,อำเภอหาดใหญ่,สงขลา,district_grid,26334,2026-03_to_2026-08,17,640,640
img_0173.jpg,images/2026_03-08/img_0173.jpg,6.938304,100.497478,บ้านพรุ,อำเภอหาดใหญ่,สงขลา,district_grid,26334,2026-03_to_2026-08,17,640,640
img_0174.jpg,images/2026_03-08/img_0174.jpg,6.946452,100.462385,บ้านพรุ,อำเภอหาดใหญ่,สงขลา,district_grid,26334,2026-03_to_2026-08,17,640,640
img_0175.jpg,images/2026_03-08/img_0175.jpg,6.926068,100.478453,บ้านพรุ,อำเภอหาดใหญ่,สงขลา,district_grid,26334,2026-03_to_2026-08,17,640,640
img_0176.jpg,images/2026_03-08/img_0176.jpg,6.923611,100.486734,บ้านพรุ,อำเภอหาดใหญ่,สงขลา,district_grid,26334,2026-03_to_2026-08,17,640,640
img_0177.jpg,images/2026_03-08/img_0177.jpg,6.934357,100.498243,บ้านพรุ,อำเภอหาดใหญ่,สงขลา,district_grid,26334,2026-03_to_2026-08,17,640,640
img_0178.jpg,images/2026_03-08/img_0178.jpg,6.952788,100.492676,บ้านพรุ,อำเภอหาดใหญ่,สงขลา,district_grid,26334,2026-03_to_2026-08,17,640,640
img_0179.jpg,images/2026_03-08/img_0179.jpg,6.929405,100.477252,บ้านพรุ,อำเภอหาดใหญ่,สงขลา,district_grid,26334,2026-03_to_2026-08,17,640,640
img_0180.jpg,images/2026_03-08/img_0180.jpg,6.946863,100.463576,บ้านพรุ,อำเภอหาดใหญ่,สงขลา,district_grid,26334,2026-03_to_2026-08,17,640,640
img_0181.jpg,images/2026_03-08/img_0181.jpg,6.920382,100.473095,บ้านพรุ,อำเภอหาดใหญ่,สงขลา,district_grid,26334,2026-03_to_2026-08,17,640,640
img_0182.jpg,images/2026_03-08/img_0182.jpg,6.936028,100.491476,บ้านพรุ,อำเภอหาดใหญ่,สงขลา,district_grid,26334,2026-03_to_2026-08,17,640,640
img_0183.jpg,images/2026_03-08/img_0183.jpg,6.952586,100.462318,บ้านพรุ,อำเภอหาดใหญ่,สงขลา,district_grid,26334,2026-03_to_2026-08,17,640,640
img_0184.jpg,images/2026_03-08/img_0184.jpg,6.922584,100.496991,บ้านพรุ,อำเภอหาดใหญ่,สงขลา,district_grid,26334,2026-03_to_2026-08,17,640,640
img_0185.jpg,images/2026_03-08/img_0185.jpg,6.931523,100.465005,บ้านพรุ,อำเภอหาดใหญ่,สงขลา,district_grid,26334,2026-03_to_2026-08,17,640,640
img_0186.jpg,images/2026_03-08/img_0186.jpg,6.951705,100.4914,บ้านพรุ,อำเภอหาดใหญ่,สงขลา,district_grid,26334,2026-03_to_2026-08,17,640,640
img_0187.jpg,images/2026_03-08/img_0187.jpg,6.944188,100.490697,บ้านพรุ,อำเภอหาดใหญ่,สงขลา,district_grid,26334,2026-03_to_2026-08,17,640,640
img_0188.jpg,images/2026_03-08/img_0188.jpg,6.954384,100.494125,บ้านพรุ,อำเภอหาดใหญ่,สงขลา,district_grid,26334,2026-03_to_2026-08,17,640,640
img_0189.jpg,images/2026_03-08/img_0189.jpg,6.930531,100.476835,บ้านพรุ,อำเภอหาดใหญ่,สงขลา,district_grid,26334,2026-03_to_2026-08,17,640,640
img_0190.jpg,images/2026_03-08/img_0190.jpg,6.959378,100.47471,บ้านพรุ,อำเภอหาดใหญ่,สงขลา,district_grid,26334,2026-03_to_2026-08,17,640,640
img_0191.jpg,images/2026_03-08/img_0191.jpg,7.025044,100.58386,ทุ่งใหญ่,อำเภอหาดใหญ่,สงขลา,district_grid,26334,2026-03_to_2026-08,17,640,640
img_0192.jpg,images/2026_03-08/img_0192.jpg,7.035072,100.574106,ทุ่งใหญ่,อำเภอหาดใหญ่,สงขลา,district_grid,26334,2026-03_to_2026-08,17,640,640
img_0193.jpg,images/2026_03-08/img_0193.jpg,7.013994,100.577609,ทุ่งใหญ่,อำเภอหาดใหญ่,สงขลา,district_grid,26334,2026-03_to_2026-08,17,640,640
img_0194.jpg,images/2026_03-08/img_0194.jpg,7.000131,100.564022,ทุ่งใหญ่,อำเภอหาดใหญ่,สงขลา,district_grid,26334,2026-03_to_2026-08,17,640,640
img_0195.jpg,images/2026_03-08/img_0195.jpg,7.030354,100.575864,ทุ่งใหญ่,อำเภอหาดใหญ่,สงขลา,district_grid,26334,2026-03_to_2026-08,17,640,640
img_0196.jpg,images/2026_03-08/img_0196.jpg,7.003195,100.578785,ทุ่งใหญ่,อำเภอหาดใหญ่,สงขลา,district_grid,26334,2026-03_to_2026-08,17,640,640
img_0197.jpg,images/2026_03-08/img_0197.jpg,7.0244,100.567789,ทุ่งใหญ่,อำเภอหาดใหญ่,สงขลา,district_grid,26334,2026-03_to_2026-08,17,640,640
img_0198.jpg,images/2026_03-08/img_0198.jpg,7.004185,100.573853,ทุ่งใหญ่,อำเภอหาดใหญ่,สงขลา,district_grid,26334,2026-03_to_2026-08,17,640,640
img_0199.jpg,images/2026_03-08/img_0199.jpg,7.029823,100.557949,ทุ่งใหญ่,อำเภอหาดใหญ่,สงขลา,district_grid,26334,2026-03_to_2026-08,17,640,640
img_0200.jpg,images/2026_03-08/img_0200.jpg,7.025396,100.552824,ทุ่งใหญ่,อำเภอหาดใหญ่,สงขลา,district_grid,26334,2026-03_to_2026-08,17,640,640
img_0201.jpg,images/2026_03-08/img_0201.jpg,7.008214,100.564331,ทุ่งใหญ่,อำเภอหาดใหญ่,สงขลา,district_grid,26334,2026-03_to_2026-08,17,640,640
img_0202.jpg,images/2026_03-08/img_0202.jpg,7.031121,100.561332,ทุ่งใหญ่,อำเภอหาดใหญ่,สงขลา,district_grid,26334,2026-03_to_2026-08,17,640,640
img_0203.jpg,images/2026_03-08/img_0203.jpg,7.035613,100.589324,ทุ่งใหญ่,อำเภอหาดใหญ่,สงขลา,district_grid,26334,2026-03_to_2026-08,17,640,640
img_0204.jpg,images/2026_03-08/img_0204.jpg,7.006534,100.551069,ทุ่งใหญ่,อำเภอหาดใหญ่,สงขลา,district_grid,26334,2026-03_to_2026-08,17,640,640
img_0205.jpg,images/2026_03-08/img_0205.jpg,7.029149,100.580575,ทุ่งใหญ่,อำเภอหาดใหญ่,สงขลา,district_grid,26334,2026-03_to_2026-08,17,640,640
img_0206.jpg,images/2026_03-08/img_0206.jpg,7.036037,100.576899,ทุ่งใหญ่,อำเภอหาดใหญ่,สงขลา,district_grid,26334,2026-03_to_2026-08,17,640,640
img_0207.jpg,images/2026_03-08/img_0207.jpg,7.031204,100.564621,ทุ่งใหญ่,อำเภอหาดใหญ่,สงขลา,district_grid,26334,2026-03_to_2026-08,17,640,640
img_0208.jpg,images/2026_03-08/img_0208.jpg,7.004033,100.589997,ทุ่งใหญ่,อำเภอหาดใหญ่,สงขลา,district_grid,26334,2026-03_to_2026-08,17,640,640
img_0209.jpg,images/2026_03-08/img_0209.jpg,7.024188,100.560818,ทุ่งใหญ่,อำเภอหาดใหญ่,สงขลา,district_grid,26334,2026-03_to_2026-08,17,640,640
img_0210.jpg,images/2026_03-08/img_0210.jpg,7.035711,100.552944,ทุ่งใหญ่,อำเภอหาดใหญ่,สงขลา,district_grid,26334,2026-03_to_2026-08,17,640,640
img_0211.jpg,images/2026_03-08/img_0211.jpg,7.002271,100.560194,ทุ่งใหญ่,อำเภอหาดใหญ่,สงขลา,district_grid,26334,2026-03_to_2026-08,17,640,640
img_0212.jpg,images/2026_03-08/img_0212.jpg,7.005204,100.56643,ทุ่งใหญ่,อำเภอหาดใหญ่,สงขลา,district_grid,26334,2026-03_to_2026-08,17,640,640
img_0213.jpg,images/2026_03-08/img_0213.jpg,7.024843,100.570777,ทุ่งใหญ่,อำเภอหาดใหญ่,สงขลา,district_grid,26334,2026-03_to_2026-08,17,640,640
img_0214.jpg,images/2026_03-08/img_0214.jpg,7.022149,100.554775,ทุ่งใหญ่,อำเภอหาดใหญ่,สงขลา,district_grid,26334,2026-03_to_2026-08,17,640,640
img_0215.jpg,images/2026_03-08/img_0215.jpg,7.021397,100.589006,ทุ่งใหญ่,อำเภอหาดใหญ่,สงขลา,district_grid,26334,2026-03_to_2026-08,17,640,640
img_0216.jpg,images/2026_03-08/img_0216.jpg,7.013192,100.58197,ทุ่งใหญ่,อำเภอหาดใหญ่,สงขลา,district_grid,26334,2026-03_to_2026-08,17,640,640
img_0217.jpg,images/2026_03-08/img_0217.jpg,7.025519,100.580482,ทุ่งใหญ่,อำเภอหาดใหญ่,สงขลา,district_grid,26334,2026-03_to_2026-08,17,640,640
img_0218.jpg,images/2026_03-08/img_0218.jpg,7.026318,100.56758,ทุ่งใหญ่,อำเภอหาดใหญ่,สงขลา,district_grid,26334,2026-03_to_2026-08,17,640,640
img_0219.jpg,images/2026_03-08/img_0219.jpg,7.009399,100.553743,ทุ่งใหญ่,อำเภอหาดใหญ่,สงขลา,district_grid,26334,2026-03_to_2026-08,17,640,640
img_0220.jpg,images/2026_03-08/img_0220.jpg,7.00453,100.554037,ทุ่งใหญ่,อำเภอหาดใหญ่,สงขลา,district_grid,26334,2026-03_to_2026-08,17,640,640
img_0221.jpg,images/2026_03-08/img_0221.jpg,7.030694,100.583493,ทุ่งใหญ่,อำเภอหาดใหญ่,สงขลา,district_grid,26334,2026-03_to_2026-08,17,640,640
img_0222.jpg,images/2026_03-08/img_0222.jpg,7.032705,100.585392,ทุ่งใหญ่,อำเภอหาดใหญ่,สงขลา,district_grid,26334,2026-03_to_2026-08,17,640,640
img_0223.jpg,images/2026_03-08/img_0223.jpg,7.014351,100.576964,ทุ่งใหญ่,อำเภอหาดใหญ่,สงขลา,district_grid,26334,2026-03_to_2026-08,17,640,640
img_0224.jpg,images/2026_03-08/img_0224.jpg,7.032811,100.555292,ทุ่งใหญ่,อำเภอหาดใหญ่,สงขลา,district_grid,26334,2026-03_to_2026-08,17,640,640
img_0225.jpg,images/2026_03-08/img_0225.jpg,7.000014,100.558386,ทุ่งใหญ่,อำเภอหาดใหญ่,สงขลา,district_grid,26334,2026-03_to_2026-08,17,640,640
img_0226.jpg,images/2026_03-08/img_0226.jpg,7.036631,100.582307,ทุ่งใหญ่,อำเภอหาดใหญ่,สงขลา,district_grid,26334,2026-03_to_2026-08,17,640,640
img_0227.jpg,images/2026_03-08/img_0227.jpg,7.005186,100.583887,ทุ่งใหญ่,อำเภอหาดใหญ่,สงขลา,district_grid,26334,2026-03_to_2026-08,17,640,640
img_0228.jpg,images/2026_03-08/img_0228.jpg,7.006986,100.560667,ทุ่งใหญ่,อำเภอหาดใหญ่,สงขลา,district_grid,26334,2026-03_to_2026-08,17,640,640
img_0229.jpg,images/2026_03-08/img_0229.jpg,6.936726,100.355358,ทุ่งตำเสา,อำเภอหาดใหญ่,สงขลา,district_grid,26334,2026-03_to_2026-08,17,640,640
img_0230.jpg,images/2026_03-08/img_0230.jpg,6.963123,100.322597,ทุ่งตำเสา,อำเภอหาดใหญ่,สงขลา,district_grid,26334,2026-03_to_2026-08,17,640,640
img_0231.jpg,images/2026_03-08/img_0231.jpg,6.930953,100.351649,ทุ่งตำเสา,อำเภอหาดใหญ่,สงขลา,district_grid,26334,2026-03_to_2026-08,17,640,640
img_0232.jpg,images/2026_03-08/img_0232.jpg,6.945748,100.342737,ทุ่งตำเสา,อำเภอหาดใหญ่,สงขลา,district_grid,26334,2026-03_to_2026-08,17,640,640
img_0233.jpg,images/2026_03-08/img_0233.jpg,6.955524,100.341744,ทุ่งตำเสา,อำเภอหาดใหญ่,สงขลา,district_grid,26334,2026-03_to_2026-08,17,640,640
img_0234.jpg,images/2026_03-08/img_0234.jpg,6.93752,100.332413,ทุ่งตำเสา,อำเภอหาดใหญ่,สงขลา,district_grid,26334,2026-03_to_2026-08,17,640,640
img_0235.jpg,images/2026_03-08/img_0235.jpg,6.953898,100.351371,ทุ่งตำเสา,อำเภอหาดใหญ่,สงขลา,district_grid,26334,2026-03_to_2026-08,17,640,640
img_0236.jpg,images/2026_03-08/img_0236.jpg,6.943529,100.320906,ทุ่งตำเสา,อำเภอหาดใหญ่,สงขลา,district_grid,26334,2026-03_to_2026-08,17,640,640
img_0237.jpg,images/2026_03-08/img_0237.jpg,6.935811,100.331395,ทุ่งตำเสา,อำเภอหาดใหญ่,สงขลา,district_grid,26334,2026-03_to_2026-08,17,640,640
img_0238.jpg,images/2026_03-08/img_0238.jpg,6.968447,100.337079,ทุ่งตำเสา,อำเภอหาดใหญ่,สงขลา,district_grid,26334,2026-03_to_2026-08,17,640,640
img_0239.jpg,images/2026_03-08/img_0239.jpg,6.9499,100.336909,ทุ่งตำเสา,อำเภอหาดใหญ่,สงขลา,district_grid,26334,2026-03_to_2026-08,17,640,640
img_0240.jpg,images/2026_03-08/img_0240.jpg,6.964644,100.352025,ทุ่งตำเสา,อำเภอหาดใหญ่,สงขลา,district_grid,26334,2026-03_to_2026-08,17,640,640
img_0241.jpg,images/2026_03-08/img_0241.jpg,6.936158,100.346643,ทุ่งตำเสา,อำเภอหาดใหญ่,สงขลา,district_grid,26334,2026-03_to_2026-08,17,640,640
img_0242.jpg,images/2026_03-08/img_0242.jpg,6.951995,100.355901,ทุ่งตำเสา,อำเภอหาดใหญ่,สงขลา,district_grid,26334,2026-03_to_2026-08,17,640,640
img_0243.jpg,images/2026_03-08/img_0243.jpg,6.932509,100.343132,ทุ่งตำเสา,อำเภอหาดใหญ่,สงขลา,district_grid,26334,2026-03_to_2026-08,17,640,640
img_0244.jpg,images/2026_03-08/img_0244.jpg,6.937593,100.342774,ทุ่งตำเสา,อำเภอหาดใหญ่,สงขลา,district_grid,26334,2026-03_to_2026-08,17,640,640
img_0245.jpg,images/2026_03-08/img_0245.jpg,6.962687,100.337361,ทุ่งตำเสา,อำเภอหาดใหญ่,สงขลา,district_grid,26334,2026-03_to_2026-08,17,640,640
img_0246.jpg,images/2026_03-08/img_0246.jpg,6.951392,100.334605,ทุ่งตำเสา,อำเภอหาดใหญ่,สงขลา,district_grid,26334,2026-03_to_2026-08,17,640,640
img_0247.jpg,images/2026_03-08/img_0247.jpg,6.967793,100.354496,ทุ่งตำเสา,อำเภอหาดใหญ่,สงขลา,district_grid,26334,2026-03_to_2026-08,17,640,640
img_0248.jpg,images/2026_03-08/img_0248.jpg,6.933588,100.321709,ทุ่งตำเสา,อำเภอหาดใหญ่,สงขลา,district_grid,26334,2026-03_to_2026-08,17,640,640
img_0249.jpg,images/2026_03-08/img_0249.jpg,6.951397,100.332458,ทุ่งตำเสา,อำเภอหาดใหญ่,สงขลา,district_grid,26334,2026-03_to_2026-08,17,640,640
img_0250.jpg,images/2026_03-08/img_0250.jpg,6.931249,100.347008,ทุ่งตำเสา,อำเภอหาดใหญ่,สงขลา,district_grid,26334,2026-03_to_2026-08,17,640,640
img_0251.jpg,images/2026_03-08/img_0251.jpg,6.936247,100.345753,ทุ่งตำเสา,อำเภอหาดใหญ่,สงขลา,district_grid,26334,2026-03_to_2026-08,17,640,640
img_0252.jpg,images/2026_03-08/img_0252.jpg,6.933944,100.348557,ทุ่งตำเสา,อำเภอหาดใหญ่,สงขลา,district_grid,26334,2026-03_to_2026-08,17,640,640
img_0253.jpg,images/2026_03-08/img_0253.jpg,6.963498,100.351887,ทุ่งตำเสา,อำเภอหาดใหญ่,สงขลา,district_grid,26334,2026-03_to_2026-08,17,640,640
img_0254.jpg,images/2026_03-08/img_0254.jpg,6.965318,100.344611,ทุ่งตำเสา,อำเภอหาดใหญ่,สงขลา,district_grid,26334,2026-03_to_2026-08,17,640,640
img_0255.jpg,images/2026_03-08/img_0255.jpg,6.94335,100.327298,ทุ่งตำเสา,อำเภอหาดใหญ่,สงขลา,district_grid,26334,2026-03_to_2026-08,17,640,640
img_0256.jpg,images/2026_03-08/img_0256.jpg,6.956314,100.35897,ทุ่งตำเสา,อำเภอหาดใหญ่,สงขลา,district_grid,26334,2026-03_to_2026-08,17,640,640
img_0257.jpg,images/2026_03-08/img_0257.jpg,6.956323,100.324157,ทุ่งตำเสา,อำเภอหาดใหญ่,สงขลา,district_grid,26334,2026-03_to_2026-08,17,640,640
img_0258.jpg,images/2026_03-08/img_0258.jpg,6.93174,100.326089,ทุ่งตำเสา,อำเภอหาดใหญ่,สงขลา,district_grid,26334,2026-03_to_2026-08,17,640,640
img_0259.jpg,images/2026_03-08/img_0259.jpg,6.962116,100.325438,ทุ่งตำเสา,อำเภอหาดใหญ่,สงขลา,district_grid,26334,2026-03_to_2026-08,17,640,640
img_0260.jpg,images/2026_03-08/img_0260.jpg,6.958237,100.343349,ทุ่งตำเสา,อำเภอหาดใหญ่,สงขลา,district_grid,26334,2026-03_to_2026-08,17,640,640
img_0261.jpg,images/2026_03-08/img_0261.jpg,6.944592,100.336832,ทุ่งตำเสา,อำเภอหาดใหญ่,สงขลา,district_grid,26334,2026-03_to_2026-08,17,640,640
img_0262.jpg,images/2026_03-08/img_0262.jpg,6.940528,100.336439,ทุ่งตำเสา,อำเภอหาดใหญ่,สงขลา,district_grid,26334,2026-03_to_2026-08,17,640,640
img_0263.jpg,images/2026_03-08/img_0263.jpg,6.937361,100.341166,ทุ่งตำเสา,อำเภอหาดใหญ่,สงขลา,district_grid,26334,2026-03_to_2026-08,17,640,640
img_0264.jpg,images/2026_03-08/img_0264.jpg,6.956433,100.34199,ทุ่งตำเสา,อำเภอหาดใหญ่,สงขลา,district_grid,26334,2026-03_to_2026-08,17,640,640
img_0265.jpg,images/2026_03-08/img_0265.jpg,6.969653,100.357002,ทุ่งตำเสา,อำเภอหาดใหญ่,สงขลา,district_grid,26334,2026-03_to_2026-08,17,640,640
img_0266.jpg,images/2026_03-08/img_0266.jpg,6.965611,100.344156,ทุ่งตำเสา,อำเภอหาดใหญ่,สงขลา,district_grid,26334,2026-03_to_2026-08,17,640,640
img_0267.jpg,images/2026_03-08/img_0267.jpg,7.055761,100.570356,ท่าข้าม,อำเภอหาดใหญ่,สงขลา,district_grid,26334,2026-03_to_2026-08,17,640,640
img_0268.jpg,images/2026_03-08/img_0268.jpg,7.087741,100.564025,ท่าข้าม,อำเภอหาดใหญ่,สงขลา,district_grid,26334,2026-03_to_2026-08,17,640,640
img_0269.jpg,images/2026_03-08/img_0269.jpg,7.068162,100.56621,ท่าข้าม,อำเภอหาดใหญ่,สงขลา,district_grid,26334,2026-03_to_2026-08,17,640,640
img_0270.jpg,images/2026_03-08/img_0270.jpg,7.075077,100.573107,ท่าข้าม,อำเภอหาดใหญ่,สงขลา,district_grid,26334,2026-03_to_2026-08,17,640,640
img_0271.jpg,images/2026_03-08/img_0271.jpg,7.069176,100.554867,ท่าข้าม,อำเภอหาดใหญ่,สงขลา,district_grid,26334,2026-03_to_2026-08,17,640,640
img_0272.jpg,images/2026_03-08/img_0272.jpg,7.08232,100.558616,ท่าข้าม,อำเภอหาดใหญ่,สงขลา,district_grid,26334,2026-03_to_2026-08,17,640,640
img_0273.jpg,images/2026_03-08/img_0273.jpg,7.075916,100.551369,ท่าข้าม,อำเภอหาดใหญ่,สงขลา,district_grid,26334,2026-03_to_2026-08,17,640,640
img_0274.jpg,images/2026_03-08/img_0274.jpg,7.07154,100.562507,ท่าข้าม,อำเภอหาดใหญ่,สงขลา,district_grid,26334,2026-03_to_2026-08,17,640,640
img_0275.jpg,images/2026_03-08/img_0275.jpg,7.07346,100.571444,ท่าข้าม,อำเภอหาดใหญ่,สงขลา,district_grid,26334,2026-03_to_2026-08,17,640,640
img_0276.jpg,images/2026_03-08/img_0276.jpg,7.063545,100.546767,ท่าข้าม,อำเภอหาดใหญ่,สงขลา,district_grid,26334,2026-03_to_2026-08,17,640,640
img_0277.jpg,images/2026_03-08/img_0277.jpg,7.064996,100.563437,ท่าข้าม,อำเภอหาดใหญ่,สงขลา,district_grid,26334,2026-03_to_2026-08,17,640,640
img_0278.jpg,images/2026_03-08/img_0278.jpg,7.069633,100.554898,ท่าข้าม,อำเภอหาดใหญ่,สงขลา,district_grid,26334,2026-03_to_2026-08,17,640,640
img_0279.jpg,images/2026_03-08/img_0279.jpg,7.066855,100.547088,ท่าข้าม,อำเภอหาดใหญ่,สงขลา,district_grid,26334,2026-03_to_2026-08,17,640,640
img_0280.jpg,images/2026_03-08/img_0280.jpg,7.054189,100.566292,ท่าข้าม,อำเภอหาดใหญ่,สงขลา,district_grid,26334,2026-03_to_2026-08,17,640,640
img_0281.jpg,images/2026_03-08/img_0281.jpg,7.052913,100.562953,ท่าข้าม,อำเภอหาดใหญ่,สงขลา,district_grid,26334,2026-03_to_2026-08,17,640,640
img_0282.jpg,images/2026_03-08/img_0282.jpg,7.089012,100.560259,ท่าข้าม,อำเภอหาดใหญ่,สงขลา,district_grid,26334,2026-03_to_2026-08,17,640,640
img_0283.jpg,images/2026_03-08/img_0283.jpg,7.078513,100.570542,ท่าข้าม,อำเภอหาดใหญ่,สงขลา,district_grid,26334,2026-03_to_2026-08,17,640,640
img_0284.jpg,images/2026_03-08/img_0284.jpg,7.069524,100.561027,ท่าข้าม,อำเภอหาดใหญ่,สงขลา,district_grid,26334,2026-03_to_2026-08,17,640,640
img_0285.jpg,images/2026_03-08/img_0285.jpg,7.059269,100.565085,ท่าข้าม,อำเภอหาดใหญ่,สงขลา,district_grid,26334,2026-03_to_2026-08,17,640,640
img_0286.jpg,images/2026_03-08/img_0286.jpg,7.071009,100.55341,ท่าข้าม,อำเภอหาดใหญ่,สงขลา,district_grid,26334,2026-03_to_2026-08,17,640,640
img_0287.jpg,images/2026_03-08/img_0287.jpg,7.087511,100.565265,ท่าข้าม,อำเภอหาดใหญ่,สงขลา,district_grid,26334,2026-03_to_2026-08,17,640,640
img_0288.jpg,images/2026_03-08/img_0288.jpg,7.06665,100.576106,ท่าข้าม,อำเภอหาดใหญ่,สงขลา,district_grid,26334,2026-03_to_2026-08,17,640,640
img_0289.jpg,images/2026_03-08/img_0289.jpg,7.080537,100.578803,ท่าข้าม,อำเภอหาดใหญ่,สงขลา,district_grid,26334,2026-03_to_2026-08,17,640,640
img_0290.jpg,images/2026_03-08/img_0290.jpg,7.063514,100.559236,ท่าข้าม,อำเภอหาดใหญ่,สงขลา,district_grid,26334,2026-03_to_2026-08,17,640,640
img_0291.jpg,images/2026_03-08/img_0291.jpg,7.059411,100.569152,ท่าข้าม,อำเภอหาดใหญ่,สงขลา,district_grid,26334,2026-03_to_2026-08,17,640,640
img_0292.jpg,images/2026_03-08/img_0292.jpg,7.083625,100.567634,ท่าข้าม,อำเภอหาดใหญ่,สงขลา,district_grid,26334,2026-03_to_2026-08,17,640,640
img_0293.jpg,images/2026_03-08/img_0293.jpg,7.078447,100.545748,ท่าข้าม,อำเภอหาดใหญ่,สงขลา,district_grid,26334,2026-03_to_2026-08,17,640,640
img_0294.jpg,images/2026_03-08/img_0294.jpg,7.087332,100.545612,ท่าข้าม,อำเภอหาดใหญ่,สงขลา,district_grid,26334,2026-03_to_2026-08,17,640,640
img_0295.jpg,images/2026_03-08/img_0295.jpg,7.082289,100.54669,ท่าข้าม,อำเภอหาดใหญ่,สงขลา,district_grid,26334,2026-03_to_2026-08,17,640,640
img_0296.jpg,images/2026_03-08/img_0296.jpg,7.077436,100.569774,ท่าข้าม,อำเภอหาดใหญ่,สงขลา,district_grid,26334,2026-03_to_2026-08,17,640,640
img_0297.jpg,images/2026_03-08/img_0297.jpg,7.057153,100.562327,ท่าข้าม,อำเภอหาดใหญ่,สงขลา,district_grid,26334,2026-03_to_2026-08,17,640,640
img_0298.jpg,images/2026_03-08/img_0298.jpg,7.059961,100.578113,ท่าข้าม,อำเภอหาดใหญ่,สงขลา,district_grid,26334,2026-03_to_2026-08,17,640,640
img_0299.jpg,images/2026_03-08/img_0299.jpg,7.057306,100.579318,ท่าข้าม,อำเภอหาดใหญ่,สงขลา,district_grid,26334,2026-03_to_2026-08,17,640,640
img_0300.jpg,images/2026_03-08/img_0300.jpg,7.070005,100.54021,ท่าข้าม,อำเภอหาดใหญ่,สงขลา,district_grid,26334,2026-03_to_2026-08,17,640,640
img_0301.jpg,images/2026_03-08/img_0301.jpg,7.056231,100.554007,ท่าข้าม,อำเภอหาดใหญ่,สงขลา,district_grid,26334,2026-03_to_2026-08,17,640,640
img_0302.jpg,images/2026_03-08/img_0302.jpg,7.077068,100.565538,ท่าข้าม,อำเภอหาดใหญ่,สงขลา,district_grid,26334,2026-03_to_2026-08,17,640,640
img_0303.jpg,images/2026_03-08/img_0303.jpg,7.058992,100.557075,ท่าข้าม,อำเภอหาดใหญ่,สงขลา,district_grid,26334,2026-03_to_2026-08,17,640,640
img_0304.jpg,images/2026_03-08/img_0304.jpg,7.083946,100.558895,ท่าข้าม,อำเภอหาดใหญ่,สงขลา,district_grid,26334,2026-03_to_2026-08,17,640,640
img_0305.jpg,images/2026_03-08/img_0305.jpg,7.067743,100.530515,น้ำน้อย,อำเภอหาดใหญ่,สงขลา,district_grid,26334,2026-03_to_2026-08,17,640,640
img_0306.jpg,images/2026_03-08/img_0306.jpg,7.089592,100.532889,น้ำน้อย,อำเภอหาดใหญ่,สงขลา,district_grid,26334,2026-03_to_2026-08,17,640,640
img_0307.jpg,images/2026_03-08/img_0307.jpg,7.094212,100.522736,น้ำน้อย,อำเภอหาดใหญ่,สงขลา,district_grid,26334,2026-03_to_2026-08,17,640,640
img_0308.jpg,images/2026_03-08/img_0308.jpg,7.055579,100.50652,น้ำน้อย,อำเภอหาดใหญ่,สงขลา,district_grid,26334,2026-03_to_2026-08,17,640,640
img_0309.jpg,images/2026_03-08/img_0309.jpg,7.093873,100.519606,น้ำน้อย,อำเภอหาดใหญ่,สงขลา,district_grid,26334,2026-03_to_2026-08,17,640,640
img_0310.jpg,images/2026_03-08/img_0310.jpg,7.086132,100.543825,น้ำน้อย,อำเภอหาดใหญ่,สงขลา,district_grid,26334,2026-03_to_2026-08,17,640,640
img_0311.jpg,images/2026_03-08/img_0311.jpg,7.07693,100.531935,น้ำน้อย,อำเภอหาดใหญ่,สงขลา,district_grid,26334,2026-03_to_2026-08,17,640,640
img_0312.jpg,images/2026_03-08/img_0312.jpg,7.077483,100.53418,น้ำน้อย,อำเภอหาดใหญ่,สงขลา,district_grid,26334,2026-03_to_2026-08,17,640,640
img_0313.jpg,images/2026_03-08/img_0313.jpg,7.087887,100.532808,น้ำน้อย,อำเภอหาดใหญ่,สงขลา,district_grid,26334,2026-03_to_2026-08,17,640,640
img_0314.jpg,images/2026_03-08/img_0314.jpg,7.081623,100.506306,น้ำน้อย,อำเภอหาดใหญ่,สงขลา,district_grid,26334,2026-03_to_2026-08,17,640,640
img_0315.jpg,images/2026_03-08/img_0315.jpg,7.060067,100.522951,น้ำน้อย,อำเภอหาดใหญ่,สงขลา,district_grid,26334,2026-03_to_2026-08,17,640,640
img_0316.jpg,images/2026_03-08/img_0316.jpg,7.087628,100.538459,น้ำน้อย,อำเภอหาดใหญ่,สงขลา,district_grid,26334,2026-03_to_2026-08,17,640,640
img_0317.jpg,images/2026_03-08/img_0317.jpg,7.072143,100.538517,น้ำน้อย,อำเภอหาดใหญ่,สงขลา,district_grid,26334,2026-03_to_2026-08,17,640,640
img_0318.jpg,images/2026_03-08/img_0318.jpg,7.068928,100.530961,น้ำน้อย,อำเภอหาดใหญ่,สงขลา,district_grid,26334,2026-03_to_2026-08,17,640,640
img_0319.jpg,images/2026_03-08/img_0319.jpg,7.060001,100.543179,น้ำน้อย,อำเภอหาดใหญ่,สงขลา,district_grid,26334,2026-03_to_2026-08,17,640,640
img_0320.jpg,images/2026_03-08/img_0320.jpg,7.069258,100.51743,น้ำน้อย,อำเภอหาดใหญ่,สงขลา,district_grid,26334,2026-03_to_2026-08,17,640,640
img_0321.jpg,images/2026_03-08/img_0321.jpg,7.05786,100.513233,น้ำน้อย,อำเภอหาดใหญ่,สงขลา,district_grid,26334,2026-03_to_2026-08,17,640,640
img_0322.jpg,images/2026_03-08/img_0322.jpg,7.056876,100.527336,น้ำน้อย,อำเภอหาดใหญ่,สงขลา,district_grid,26334,2026-03_to_2026-08,17,640,640
img_0323.jpg,images/2026_03-08/img_0323.jpg,7.094071,100.505402,น้ำน้อย,อำเภอหาดใหญ่,สงขลา,district_grid,26334,2026-03_to_2026-08,17,640,640
img_0324.jpg,images/2026_03-08/img_0324.jpg,7.074443,100.521817,น้ำน้อย,อำเภอหาดใหญ่,สงขลา,district_grid,26334,2026-03_to_2026-08,17,640,640
img_0325.jpg,images/2026_03-08/img_0325.jpg,7.083171,100.507565,น้ำน้อย,อำเภอหาดใหญ่,สงขลา,district_grid,26334,2026-03_to_2026-08,17,640,640
img_0326.jpg,images/2026_03-08/img_0326.jpg,7.062537,100.518964,น้ำน้อย,อำเภอหาดใหญ่,สงขลา,district_grid,26334,2026-03_to_2026-08,17,640,640
img_0327.jpg,images/2026_03-08/img_0327.jpg,7.068164,100.521588,น้ำน้อย,อำเภอหาดใหญ่,สงขลา,district_grid,26334,2026-03_to_2026-08,17,640,640
img_0328.jpg,images/2026_03-08/img_0328.jpg,7.074532,100.520837,น้ำน้อย,อำเภอหาดใหญ่,สงขลา,district_grid,26334,2026-03_to_2026-08,17,640,640
img_0329.jpg,images/2026_03-08/img_0329.jpg,7.069363,100.542529,น้ำน้อย,อำเภอหาดใหญ่,สงขลา,district_grid,26334,2026-03_to_2026-08,17,640,640
img_0330.jpg,images/2026_03-08/img_0330.jpg,7.0591,100.515286,น้ำน้อย,อำเภอหาดใหญ่,สงขลา,district_grid,26334,2026-03_to_2026-08,17,640,640
img_0331.jpg,images/2026_03-08/img_0331.jpg,7.082697,100.519728,น้ำน้อย,อำเภอหาดใหญ่,สงขลา,district_grid,26334,2026-03_to_2026-08,17,640,640
img_0332.jpg,images/2026_03-08/img_0332.jpg,7.062601,100.539621,น้ำน้อย,อำเภอหาดใหญ่,สงขลา,district_grid,26334,2026-03_to_2026-08,17,640,640
img_0333.jpg,images/2026_03-08/img_0333.jpg,7.07189,100.530812,น้ำน้อย,อำเภอหาดใหญ่,สงขลา,district_grid,26334,2026-03_to_2026-08,17,640,640
img_0334.jpg,images/2026_03-08/img_0334.jpg,7.091858,100.542164,น้ำน้อย,อำเภอหาดใหญ่,สงขลา,district_grid,26334,2026-03_to_2026-08,17,640,640
img_0335.jpg,images/2026_03-08/img_0335.jpg,7.072471,100.522895,น้ำน้อย,อำเภอหาดใหญ่,สงขลา,district_grid,26334,2026-03_to_2026-08,17,640,640
img_0336.jpg,images/2026_03-08/img_0336.jpg,7.056615,100.507062,น้ำน้อย,อำเภอหาดใหญ่,สงขลา,district_grid,26334,2026-03_to_2026-08,17,640,640
img_0337.jpg,images/2026_03-08/img_0337.jpg,7.092447,100.542868,น้ำน้อย,อำเภอหาดใหญ่,สงขลา,district_grid,26334,2026-03_to_2026-08,17,640,640
img_0338.jpg,images/2026_03-08/img_0338.jpg,7.070703,100.538328,น้ำน้อย,อำเภอหาดใหญ่,สงขลา,district_grid,26334,2026-03_to_2026-08,17,640,640
img_0339.jpg,images/2026_03-08/img_0339.jpg,7.084264,100.519711,น้ำน้อย,อำเภอหาดใหญ่,สงขลา,district_grid,26334,2026-03_to_2026-08,17,640,640
img_0340.jpg,images/2026_03-08/img_0340.jpg,7.057524,100.529228,น้ำน้อย,อำเภอหาดใหญ่,สงขลา,district_grid,26334,2026-03_to_2026-08,17,640,640
img_0341.jpg,images/2026_03-08/img_0341.jpg,7.059844,100.522776,น้ำน้อย,อำเภอหาดใหญ่,สงขลา,district_grid,26334,2026-03_to_2026-08,17,640,640
img_0342.jpg,images/2026_03-08/img_0342.jpg,7.075003,100.506319,น้ำน้อย,อำเภอหาดใหญ่,สงขลา,district_grid,26334,2026-03_to_2026-08,17,640,640
img_0343.jpg,images/2026_03-08/img_0343.jpg,6.828185,100.51148,พะตง,อำเภอหาดใหญ่,สงขลา,district_grid,26334,2026-03_to_2026-08,17,640,640
img_0344.jpg,images/2026_03-08/img_0344.jpg,6.848117,100.506068,พะตง,อำเภอหาดใหญ่,สงขลา,district_grid,26334,2026-03_to_2026-08,17,640,640
img_0345.jpg,images/2026_03-08/img_0345.jpg,6.844199,100.514428,พะตง,อำเภอหาดใหญ่,สงขลา,district_grid,26334,2026-03_to_2026-08,17,640,640
img_0346.jpg,images/2026_03-08/img_0346.jpg,6.841376,100.534627,พะตง,อำเภอหาดใหญ่,สงขลา,district_grid,26334,2026-03_to_2026-08,17,640,640
img_0347.jpg,images/2026_03-08/img_0347.jpg,6.844625,100.533535,พะตง,อำเภอหาดใหญ่,สงขลา,district_grid,26334,2026-03_to_2026-08,17,640,640
img_0348.jpg,images/2026_03-08/img_0348.jpg,6.82832,100.509629,พะตง,อำเภอหาดใหญ่,สงขลา,district_grid,26334,2026-03_to_2026-08,17,640,640
img_0349.jpg,images/2026_03-08/img_0349.jpg,6.839035,100.508865,พะตง,อำเภอหาดใหญ่,สงขลา,district_grid,26334,2026-03_to_2026-08,17,640,640
img_0350.jpg,images/2026_03-08/img_0350.jpg,6.832486,100.531062,พะตง,อำเภอหาดใหญ่,สงขลา,district_grid,26334,2026-03_to_2026-08,17,640,640
img_0351.jpg,images/2026_03-08/img_0351.jpg,6.827875,100.519292,พะตง,อำเภอหาดใหญ่,สงขลา,district_grid,26334,2026-03_to_2026-08,17,640,640
img_0352.jpg,images/2026_03-08/img_0352.jpg,6.833233,100.525058,พะตง,อำเภอหาดใหญ่,สงขลา,district_grid,26334,2026-03_to_2026-08,17,640,640
img_0353.jpg,images/2026_03-08/img_0353.jpg,6.83853,100.536401,พะตง,อำเภอหาดใหญ่,สงขลา,district_grid,26334,2026-03_to_2026-08,17,640,640
img_0354.jpg,images/2026_03-08/img_0354.jpg,6.837454,100.53654,พะตง,อำเภอหาดใหญ่,สงขลา,district_grid,26334,2026-03_to_2026-08,17,640,640
img_0355.jpg,images/2026_03-08/img_0355.jpg,6.823173,100.515746,พะตง,อำเภอหาดใหญ่,สงขลา,district_grid,26334,2026-03_to_2026-08,17,640,640
img_0356.jpg,images/2026_03-08/img_0356.jpg,6.83864,100.503942,พะตง,อำเภอหาดใหญ่,สงขลา,district_grid,26334,2026-03_to_2026-08,17,640,640
img_0357.jpg,images/2026_03-08/img_0357.jpg,6.854862,100.533773,พะตง,อำเภอหาดใหญ่,สงขลา,district_grid,26334,2026-03_to_2026-08,17,640,640
img_0358.jpg,images/2026_03-08/img_0358.jpg,6.835311,100.522552,พะตง,อำเภอหาดใหญ่,สงขลา,district_grid,26334,2026-03_to_2026-08,17,640,640
img_0359.jpg,images/2026_03-08/img_0359.jpg,6.841216,100.509326,พะตง,อำเภอหาดใหญ่,สงขลา,district_grid,26334,2026-03_to_2026-08,17,640,640
img_0360.jpg,images/2026_03-08/img_0360.jpg,6.822294,100.527847,พะตง,อำเภอหาดใหญ่,สงขลา,district_grid,26334,2026-03_to_2026-08,17,640,640
img_0361.jpg,images/2026_03-08/img_0361.jpg,6.851598,100.517766,พะตง,อำเภอหาดใหญ่,สงขลา,district_grid,26334,2026-03_to_2026-08,17,640,640
img_0362.jpg,images/2026_03-08/img_0362.jpg,6.844381,100.524296,พะตง,อำเภอหาดใหญ่,สงขลา,district_grid,26334,2026-03_to_2026-08,17,640,640
img_0363.jpg,images/2026_03-08/img_0363.jpg,6.851083,100.506999,พะตง,อำเภอหาดใหญ่,สงขลา,district_grid,26334,2026-03_to_2026-08,17,640,640
img_0364.jpg,images/2026_03-08/img_0364.jpg,6.840811,100.536322,พะตง,อำเภอหาดใหญ่,สงขลา,district_grid,26334,2026-03_to_2026-08,17,640,640
img_0365.jpg,images/2026_03-08/img_0365.jpg,6.83669,100.52946,พะตง,อำเภอหาดใหญ่,สงขลา,district_grid,26334,2026-03_to_2026-08,17,640,640
img_0366.jpg,images/2026_03-08/img_0366.jpg,6.823316,100.515423,พะตง,อำเภอหาดใหญ่,สงขลา,district_grid,26334,2026-03_to_2026-08,17,640,640
img_0367.jpg,images/2026_03-08/img_0367.jpg,6.822527,100.518632,พะตง,อำเภอหาดใหญ่,สงขลา,district_grid,26334,2026-03_to_2026-08,17,640,640
img_0368.jpg,images/2026_03-08/img_0368.jpg,6.845307,100.505395,พะตง,อำเภอหาดใหญ่,สงขลา,district_grid,26334,2026-03_to_2026-08,17,640,640
img_0369.jpg,images/2026_03-08/img_0369.jpg,6.826729,100.527984,พะตง,อำเภอหาดใหญ่,สงขลา,district_grid,26334,2026-03_to_2026-08,17,640,640
img_0370.jpg,images/2026_03-08/img_0370.jpg,6.825134,100.538586,พะตง,อำเภอหาดใหญ่,สงขลา,district_grid,26334,2026-03_to_2026-08,17,640,640
img_0371.jpg,images/2026_03-08/img_0371.jpg,6.851935,100.516638,พะตง,อำเภอหาดใหญ่,สงขลา,district_grid,26334,2026-03_to_2026-08,17,640,640
img_0372.jpg,images/2026_03-08/img_0372.jpg,6.826412,100.510729,พะตง,อำเภอหาดใหญ่,สงขลา,district_grid,26334,2026-03_to_2026-08,17,640,640
img_0373.jpg,images/2026_03-08/img_0373.jpg,6.82928,100.532659,พะตง,อำเภอหาดใหญ่,สงขลา,district_grid,26334,2026-03_to_2026-08,17,640,640
img_0374.jpg,images/2026_03-08/img_0374.jpg,6.831868,100.523523,พะตง,อำเภอหาดใหญ่,สงขลา,district_grid,26334,2026-03_to_2026-08,17,640,640
img_0375.jpg,images/2026_03-08/img_0375.jpg,6.821967,100.534691,พะตง,อำเภอหาดใหญ่,สงขลา,district_grid,26334,2026-03_to_2026-08,17,640,640
img_0376.jpg,images/2026_03-08/img_0376.jpg,6.857178,100.530716,พะตง,อำเภอหาดใหญ่,สงขลา,district_grid,26334,2026-03_to_2026-08,17,640,640
img_0377.jpg,images/2026_03-08/img_0377.jpg,6.844445,100.50103,พะตง,อำเภอหาดใหญ่,สงขลา,district_grid,26334,2026-03_to_2026-08,17,640,640
img_0378.jpg,images/2026_03-08/img_0378.jpg,6.826338,100.513322,พะตง,อำเภอหาดใหญ่,สงขลา,district_grid,26334,2026-03_to_2026-08,17,640,640
img_0379.jpg,images/2026_03-08/img_0379.jpg,6.846632,100.506451,พะตง,อำเภอหาดใหญ่,สงขลา,district_grid,26334,2026-03_to_2026-08,17,640,640
img_0380.jpg,images/2026_03-08/img_0380.jpg,6.821581,100.509735,พะตง,อำเภอหาดใหญ่,สงขลา,district_grid,26334,2026-03_to_2026-08,17,640,640
img_0381.jpg,images/2026_03-08/img_0381.jpg,7.043897,100.433343,คลองอู่ตะเภา,อำเภอหาดใหญ่,สงขลา,district_grid,26334,2026-03_to_2026-08,17,640,640
img_0382.jpg,images/2026_03-08/img_0382.jpg,7.066512,100.447405,คลองอู่ตะเภา,อำเภอหาดใหญ่,สงขลา,district_grid,26334,2026-03_to_2026-08,17,640,640
img_0383.jpg,images/2026_03-08/img_0383.jpg,7.03378,100.45225,คลองอู่ตะเภา,อำเภอหาดใหญ่,สงขลา,district_grid,26334,2026-03_to_2026-08,17,640,640
img_0384.jpg,images/2026_03-08/img_0384.jpg,7.032029,100.456283,คลองอู่ตะเภา,อำเภอหาดใหญ่,สงขลา,district_grid,26334,2026-03_to_2026-08,17,640,640
img_0385.jpg,images/2026_03-08/img_0385.jpg,7.056179,100.446578,คลองอู่ตะเภา,อำเภอหาดใหญ่,สงขลา,district_grid,26334,2026-03_to_2026-08,17,640,640
img_0386.jpg,images/2026_03-08/img_0386.jpg,7.036231,100.456876,คลองอู่ตะเภา,อำเภอหาดใหญ่,สงขลา,district_grid,26334,2026-03_to_2026-08,17,640,640
img_0387.jpg,images/2026_03-08/img_0387.jpg,7.036833,100.460593,คลองอู่ตะเภา,อำเภอหาดใหญ่,สงขลา,district_grid,26334,2026-03_to_2026-08,17,640,640
img_0388.jpg,images/2026_03-08/img_0388.jpg,7.053276,100.459516,คลองอู่ตะเภา,อำเภอหาดใหญ่,สงขลา,district_grid,26334,2026-03_to_2026-08,17,640,640
img_0389.jpg,images/2026_03-08/img_0389.jpg,7.068283,100.454619,คลองอู่ตะเภา,อำเภอหาดใหญ่,สงขลา,district_grid,26334,2026-03_to_2026-08,17,640,640
img_0390.jpg,images/2026_03-08/img_0390.jpg,7.042437,100.447275,คลองอู่ตะเภา,อำเภอหาดใหญ่,สงขลา,district_grid,26334,2026-03_to_2026-08,17,640,640
img_0391.jpg,images/2026_03-08/img_0391.jpg,7.054041,100.466577,คลองอู่ตะเภา,อำเภอหาดใหญ่,สงขลา,district_grid,26334,2026-03_to_2026-08,17,640,640
img_0392.jpg,images/2026_03-08/img_0392.jpg,7.035748,100.439153,คลองอู่ตะเภา,อำเภอหาดใหญ่,สงขลา,district_grid,26334,2026-03_to_2026-08,17,640,640
img_0393.jpg,images/2026_03-08/img_0393.jpg,7.05976,100.461624,คลองอู่ตะเภา,อำเภอหาดใหญ่,สงขลา,district_grid,26334,2026-03_to_2026-08,17,640,640
img_0394.jpg,images/2026_03-08/img_0394.jpg,7.050231,100.469574,คลองอู่ตะเภา,อำเภอหาดใหญ่,สงขลา,district_grid,26334,2026-03_to_2026-08,17,640,640
img_0395.jpg,images/2026_03-08/img_0395.jpg,7.053502,100.467748,คลองอู่ตะเภา,อำเภอหาดใหญ่,สงขลา,district_grid,26334,2026-03_to_2026-08,17,640,640
img_0396.jpg,images/2026_03-08/img_0396.jpg,7.037894,100.451177,คลองอู่ตะเภา,อำเภอหาดใหญ่,สงขลา,district_grid,26334,2026-03_to_2026-08,17,640,640
img_0397.jpg,images/2026_03-08/img_0397.jpg,7.039296,100.465846,คลองอู่ตะเภา,อำเภอหาดใหญ่,สงขลา,district_grid,26334,2026-03_to_2026-08,17,640,640
img_0398.jpg,images/2026_03-08/img_0398.jpg,7.034748,100.442106,คลองอู่ตะเภา,อำเภอหาดใหญ่,สงขลา,district_grid,26334,2026-03_to_2026-08,17,640,640
img_0399.jpg,images/2026_03-08/img_0399.jpg,7.037089,100.430652,คลองอู่ตะเภา,อำเภอหาดใหญ่,สงขลา,district_grid,26334,2026-03_to_2026-08,17,640,640
img_0400.jpg,images/2026_03-08/img_0400.jpg,7.05876,100.455082,คลองอู่ตะเภา,อำเภอหาดใหญ่,สงขลา,district_grid,26334,2026-03_to_2026-08,17,640,640
img_0401.jpg,images/2026_03-08/img_0401.jpg,7.056739,100.439252,คลองอู่ตะเภา,อำเภอหาดใหญ่,สงขลา,district_grid,26334,2026-03_to_2026-08,17,640,640
img_0402.jpg,images/2026_03-08/img_0402.jpg,7.055508,100.43927,คลองอู่ตะเภา,อำเภอหาดใหญ่,สงขลา,district_grid,26334,2026-03_to_2026-08,17,640,640
img_0403.jpg,images/2026_03-08/img_0403.jpg,7.054816,100.466784,คลองอู่ตะเภา,อำเภอหาดใหญ่,สงขลา,district_grid,26334,2026-03_to_2026-08,17,640,640
img_0404.jpg,images/2026_03-08/img_0404.jpg,7.069805,100.43312,คลองอู่ตะเภา,อำเภอหาดใหญ่,สงขลา,district_grid,26334,2026-03_to_2026-08,17,640,640
img_0405.jpg,images/2026_03-08/img_0405.jpg,7.04073,100.452467,คลองอู่ตะเภา,อำเภอหาดใหญ่,สงขลา,district_grid,26334,2026-03_to_2026-08,17,640,640
img_0406.jpg,images/2026_03-08/img_0406.jpg,7.040641,100.468615,คลองอู่ตะเภา,อำเภอหาดใหญ่,สงขลา,district_grid,26334,2026-03_to_2026-08,17,640,640
img_0407.jpg,images/2026_03-08/img_0407.jpg,7.054693,100.469274,คลองอู่ตะเภา,อำเภอหาดใหญ่,สงขลา,district_grid,26334,2026-03_to_2026-08,17,640,640
img_0408.jpg,images/2026_03-08/img_0408.jpg,7.030354,100.45847,คลองอู่ตะเภา,อำเภอหาดใหญ่,สงขลา,district_grid,26334,2026-03_to_2026-08,17,640,640
img_0409.jpg,images/2026_03-08/img_0409.jpg,7.033621,100.450517,คลองอู่ตะเภา,อำเภอหาดใหญ่,สงขลา,district_grid,26334,2026-03_to_2026-08,17,640,640
img_0410.jpg,images/2026_03-08/img_0410.jpg,7.069085,100.43284,คลองอู่ตะเภา,อำเภอหาดใหญ่,สงขลา,district_grid,26334,2026-03_to_2026-08,17,640,640
img_0411.jpg,images/2026_03-08/img_0411.jpg,7.048597,100.45019,คลองอู่ตะเภา,อำเภอหาดใหญ่,สงขลา,district_grid,26334,2026-03_to_2026-08,17,640,640
img_0412.jpg,images/2026_03-08/img_0412.jpg,7.047443,100.442405,คลองอู่ตะเภา,อำเภอหาดใหญ่,สงขลา,district_grid,26334,2026-03_to_2026-08,17,640,640
img_0413.jpg,images/2026_03-08/img_0413.jpg,7.060427,100.455484,คลองอู่ตะเภา,อำเภอหาดใหญ่,สงขลา,district_grid,26334,2026-03_to_2026-08,17,640,640
img_0414.jpg,images/2026_03-08/img_0414.jpg,7.035657,100.443366,คลองอู่ตะเภา,อำเภอหาดใหญ่,สงขลา,district_grid,26334,2026-03_to_2026-08,17,640,640
img_0415.jpg,images/2026_03-08/img_0415.jpg,7.047642,100.459938,คลองอู่ตะเภา,อำเภอหาดใหญ่,สงขลา,district_grid,26334,2026-03_to_2026-08,17,640,640
img_0416.jpg,images/2026_03-08/img_0416.jpg,7.048711,100.442096,คลองอู่ตะเภา,อำเภอหาดใหญ่,สงขลา,district_grid,26334,2026-03_to_2026-08,17,640,640
img_0417.jpg,images/2026_03-08/img_0417.jpg,7.057863,100.449193,คลองอู่ตะเภา,อำเภอหาดใหญ่,สงขลา,district_grid,26334,2026-03_to_2026-08,17,640,640
img_0418.jpg,images/2026_03-08/img_0418.jpg,7.044031,100.464046,คลองอู่ตะเภา,อำเภอหาดใหญ่,สงขลา,district_grid,26334,2026-03_to_2026-08,17,640,640
img_0419.jpg,images/2026_03-08/img_0419.jpg,6.889231,100.314337,ฉลุง,อำเภอหาดใหญ่,สงขลา,district_grid,26334,2026-03_to_2026-08,17,640,640
img_0420.jpg,images/2026_03-08/img_0420.jpg,6.917029,100.31018,ฉลุง,อำเภอหาดใหญ่,สงขลา,district_grid,26334,2026-03_to_2026-08,17,640,640
img_0421.jpg,images/2026_03-08/img_0421.jpg,6.902967,100.303691,ฉลุง,อำเภอหาดใหญ่,สงขลา,district_grid,26334,2026-03_to_2026-08,17,640,640
img_0422.jpg,images/2026_03-08/img_0422.jpg,6.880368,100.328547,ฉลุง,อำเภอหาดใหญ่,สงขลา,district_grid,26334,2026-03_to_2026-08,17,640,640
img_0423.jpg,images/2026_03-08/img_0423.jpg,6.894967,100.318008,ฉลุง,อำเภอหาดใหญ่,สงขลา,district_grid,26334,2026-03_to_2026-08,17,640,640
img_0424.jpg,images/2026_03-08/img_0424.jpg,6.895496,100.307135,ฉลุง,อำเภอหาดใหญ่,สงขลา,district_grid,26334,2026-03_to_2026-08,17,640,640
img_0425.jpg,images/2026_03-08/img_0425.jpg,6.887178,100.327008,ฉลุง,อำเภอหาดใหญ่,สงขลา,district_grid,26334,2026-03_to_2026-08,17,640,640
img_0426.jpg,images/2026_03-08/img_0426.jpg,6.888279,100.318125,ฉลุง,อำเภอหาดใหญ่,สงขลา,district_grid,26334,2026-03_to_2026-08,17,640,640
img_0427.jpg,images/2026_03-08/img_0427.jpg,6.885746,100.331121,ฉลุง,อำเภอหาดใหญ่,สงขลา,district_grid,26334,2026-03_to_2026-08,17,640,640
img_0428.jpg,images/2026_03-08/img_0428.jpg,6.901936,100.329473,ฉลุง,อำเภอหาดใหญ่,สงขลา,district_grid,26334,2026-03_to_2026-08,17,640,640
img_0429.jpg,images/2026_03-08/img_0429.jpg,6.897132,100.315104,ฉลุง,อำเภอหาดใหญ่,สงขลา,district_grid,26334,2026-03_to_2026-08,17,640,640
img_0430.jpg,images/2026_03-08/img_0430.jpg,6.890335,100.322922,ฉลุง,อำเภอหาดใหญ่,สงขลา,district_grid,26334,2026-03_to_2026-08,17,640,640
img_0431.jpg,images/2026_03-08/img_0431.jpg,6.913436,100.338891,ฉลุง,อำเภอหาดใหญ่,สงขลา,district_grid,26334,2026-03_to_2026-08,17,640,640
img_0432.jpg,images/2026_03-08/img_0432.jpg,6.89582,100.328098,ฉลุง,อำเภอหาดใหญ่,สงขลา,district_grid,26334,2026-03_to_2026-08,17,640,640
img_0433.jpg,images/2026_03-08/img_0433.jpg,6.907491,100.300226,ฉลุง,อำเภอหาดใหญ่,สงขลา,district_grid,26334,2026-03_to_2026-08,17,640,640
img_0434.jpg,images/2026_03-08/img_0434.jpg,6.916844,100.33935,ฉลุง,อำเภอหาดใหญ่,สงขลา,district_grid,26334,2026-03_to_2026-08,17,640,640
img_0435.jpg,images/2026_03-08/img_0435.jpg,6.889018,100.323912,ฉลุง,อำเภอหาดใหญ่,สงขลา,district_grid,26334,2026-03_to_2026-08,17,640,640
img_0436.jpg,images/2026_03-08/img_0436.jpg,6.886191,100.323963,ฉลุง,อำเภอหาดใหญ่,สงขลา,district_grid,26334,2026-03_to_2026-08,17,640,640
img_0437.jpg,images/2026_03-08/img_0437.jpg,6.897792,100.32853,ฉลุง,อำเภอหาดใหญ่,สงขลา,district_grid,26334,2026-03_to_2026-08,17,640,640
img_0438.jpg,images/2026_03-08/img_0438.jpg,6.892813,100.328451,ฉลุง,อำเภอหาดใหญ่,สงขลา,district_grid,26334,2026-03_to_2026-08,17,640,640
img_0439.jpg,images/2026_03-08/img_0439.jpg,6.906104,100.313471,ฉลุง,อำเภอหาดใหญ่,สงขลา,district_grid,26334,2026-03_to_2026-08,17,640,640
img_0440.jpg,images/2026_03-08/img_0440.jpg,6.919297,100.302166,ฉลุง,อำเภอหาดใหญ่,สงขลา,district_grid,26334,2026-03_to_2026-08,17,640,640
img_0441.jpg,images/2026_03-08/img_0441.jpg,6.880914,100.305331,ฉลุง,อำเภอหาดใหญ่,สงขลา,district_grid,26334,2026-03_to_2026-08,17,640,640
img_0442.jpg,images/2026_03-08/img_0442.jpg,6.890835,100.319661,ฉลุง,อำเภอหาดใหญ่,สงขลา,district_grid,26334,2026-03_to_2026-08,17,640,640
img_0443.jpg,images/2026_03-08/img_0443.jpg,6.906789,100.326133,ฉลุง,อำเภอหาดใหญ่,สงขลา,district_grid,26334,2026-03_to_2026-08,17,640,640
img_0444.jpg,images/2026_03-08/img_0444.jpg,6.886368,100.321228,ฉลุง,อำเภอหาดใหญ่,สงขลา,district_grid,26334,2026-03_to_2026-08,17,640,640
img_0445.jpg,images/2026_03-08/img_0445.jpg,6.886923,100.31106,ฉลุง,อำเภอหาดใหญ่,สงขลา,district_grid,26334,2026-03_to_2026-08,17,640,640
img_0446.jpg,images/2026_03-08/img_0446.jpg,6.896052,100.318977,ฉลุง,อำเภอหาดใหญ่,สงขลา,district_grid,26334,2026-03_to_2026-08,17,640,640
img_0447.jpg,images/2026_03-08/img_0447.jpg,6.895267,100.316775,ฉลุง,อำเภอหาดใหญ่,สงขลา,district_grid,26334,2026-03_to_2026-08,17,640,640
img_0448.jpg,images/2026_03-08/img_0448.jpg,6.918947,100.32776,ฉลุง,อำเภอหาดใหญ่,สงขลา,district_grid,26334,2026-03_to_2026-08,17,640,640
img_0449.jpg,images/2026_03-08/img_0449.jpg,6.893002,100.305405,ฉลุง,อำเภอหาดใหญ่,สงขลา,district_grid,26334,2026-03_to_2026-08,17,640,640
img_0450.jpg,images/2026_03-08/img_0450.jpg,6.889288,100.330759,ฉลุง,อำเภอหาดใหญ่,สงขลา,district_grid,26334,2026-03_to_2026-08,17,640,640
img_0451.jpg,images/2026_03-08/img_0451.jpg,6.919986,100.312087,ฉลุง,อำเภอหาดใหญ่,สงขลา,district_grid,26334,2026-03_to_2026-08,17,640,640
img_0452.jpg,images/2026_03-08/img_0452.jpg,6.883691,100.314657,ฉลุง,อำเภอหาดใหญ่,สงขลา,district_grid,26334,2026-03_to_2026-08,17,640,640
img_0453.jpg,images/2026_03-08/img_0453.jpg,6.918579,100.311111,ฉลุง,อำเภอหาดใหญ่,สงขลา,district_grid,26334,2026-03_to_2026-08,17,640,640
img_0454.jpg,images/2026_03-08/img_0454.jpg,6.910627,100.321738,ฉลุง,อำเภอหาดใหญ่,สงขลา,district_grid,26334,2026-03_to_2026-08,17,640,640
img_0455.jpg,images/2026_03-08/img_0455.jpg,6.899254,100.301611,ฉลุง,อำเภอหาดใหญ่,สงขลา,district_grid,26334,2026-03_to_2026-08,17,640,640
img_0456.jpg,images/2026_03-08/img_0456.jpg,6.889567,100.318572,ฉลุง,อำเภอหาดใหญ่,สงขลา,district_grid,26334,2026-03_to_2026-08,17,640,640
img_0457.jpg,images/2026_03-08/img_0457.jpg,7.107121,100.464117,คูเต่า,อำเภอหาดใหญ่,สงขลา,district_grid,26334,2026-03_to_2026-08,17,640,640
img_0458.jpg,images/2026_03-08/img_0458.jpg,7.109773,100.49638,คูเต่า,อำเภอหาดใหญ่,สงขลา,district_grid,26334,2026-03_to_2026-08,17,640,640
img_0459.jpg,images/2026_03-08/img_0459.jpg,7.114847,100.484873,คูเต่า,อำเภอหาดใหญ่,สงขลา,district_grid,26334,2026-03_to_2026-08,17,640,640
img_0460.jpg,images/2026_03-08/img_0460.jpg,7.121409,100.499072,คูเต่า,อำเภอหาดใหญ่,สงขลา,district_grid,26334,2026-03_to_2026-08,17,640,640
img_0461.jpg,images/2026_03-08/img_0461.jpg,7.095251,100.467721,คูเต่า,อำเภอหาดใหญ่,สงขลา,district_grid,26334,2026-03_to_2026-08,17,640,640
img_0462.jpg,images/2026_03-08/img_0462.jpg,7.090795,100.498378,คูเต่า,อำเภอหาดใหญ่,สงขลา,district_grid,26334,2026-03_to_2026-08,17,640,640
img_0463.jpg,images/2026_03-08/img_0463.jpg,7.092896,100.481514,คูเต่า,อำเภอหาดใหญ่,สงขลา,district_grid,26334,2026-03_to_2026-08,17,640,640
img_0464.jpg,images/2026_03-08/img_0464.jpg,7.109211,100.485063,คูเต่า,อำเภอหาดใหญ่,สงขลา,district_grid,26334,2026-03_to_2026-08,17,640,640
img_0465.jpg,images/2026_03-08/img_0465.jpg,7.101642,100.497299,คูเต่า,อำเภอหาดใหญ่,สงขลา,district_grid,26334,2026-03_to_2026-08,17,640,640
img_0466.jpg,images/2026_03-08/img_0466.jpg,7.102972,100.475691,คูเต่า,อำเภอหาดใหญ่,สงขลา,district_grid,26334,2026-03_to_2026-08,17,640,640
img_0467.jpg,images/2026_03-08/img_0467.jpg,7.115111,100.467952,คูเต่า,อำเภอหาดใหญ่,สงขลา,district_grid,26334,2026-03_to_2026-08,17,640,640
img_0468.jpg,images/2026_03-08/img_0468.jpg,7.114888,100.493062,คูเต่า,อำเภอหาดใหญ่,สงขลา,district_grid,26334,2026-03_to_2026-08,17,640,640
img_0469.jpg,images/2026_03-08/img_0469.jpg,7.091396,100.487105,คูเต่า,อำเภอหาดใหญ่,สงขลา,district_grid,26334,2026-03_to_2026-08,17,640,640
img_0470.jpg,images/2026_03-08/img_0470.jpg,7.125268,100.485053,คูเต่า,อำเภอหาดใหญ่,สงขลา,district_grid,26334,2026-03_to_2026-08,17,640,640
img_0471.jpg,images/2026_03-08/img_0471.jpg,7.101973,100.494433,คูเต่า,อำเภอหาดใหญ่,สงขลา,district_grid,26334,2026-03_to_2026-08,17,640,640
img_0472.jpg,images/2026_03-08/img_0472.jpg,7.101477,100.481555,คูเต่า,อำเภอหาดใหญ่,สงขลา,district_grid,26334,2026-03_to_2026-08,17,640,640
img_0473.jpg,images/2026_03-08/img_0473.jpg,7.105644,100.465055,คูเต่า,อำเภอหาดใหญ่,สงขลา,district_grid,26334,2026-03_to_2026-08,17,640,640
img_0474.jpg,images/2026_03-08/img_0474.jpg,7.096105,100.497992,คูเต่า,อำเภอหาดใหญ่,สงขลา,district_grid,26334,2026-03_to_2026-08,17,640,640
img_0475.jpg,images/2026_03-08/img_0475.jpg,7.115355,100.498282,คูเต่า,อำเภอหาดใหญ่,สงขลา,district_grid,26334,2026-03_to_2026-08,17,640,640
img_0476.jpg,images/2026_03-08/img_0476.jpg,7.094254,100.477521,คูเต่า,อำเภอหาดใหญ่,สงขลา,district_grid,26334,2026-03_to_2026-08,17,640,640
img_0477.jpg,images/2026_03-08/img_0477.jpg,7.092247,100.490055,คูเต่า,อำเภอหาดใหญ่,สงขลา,district_grid,26334,2026-03_to_2026-08,17,640,640
img_0478.jpg,images/2026_03-08/img_0478.jpg,7.104798,100.490315,คูเต่า,อำเภอหาดใหญ่,สงขลา,district_grid,26334,2026-03_to_2026-08,17,640,640
img_0479.jpg,images/2026_03-08/img_0479.jpg,7.112583,100.485925,คูเต่า,อำเภอหาดใหญ่,สงขลา,district_grid,26334,2026-03_to_2026-08,17,640,640
img_0480.jpg,images/2026_03-08/img_0480.jpg,7.105629,100.489028,คูเต่า,อำเภอหาดใหญ่,สงขลา,district_grid,26334,2026-03_to_2026-08,17,640,640
img_0481.jpg,images/2026_03-08/img_0481.jpg,7.119974,100.486229,คูเต่า,อำเภอหาดใหญ่,สงขลา,district_grid,26334,2026-03_to_2026-08,17,640,640
img_0482.jpg,images/2026_03-08/img_0482.jpg,7.096851,100.467836,คูเต่า,อำเภอหาดใหญ่,สงขลา,district_grid,26334,2026-03_to_2026-08,17,640,640
img_0483.jpg,images/2026_03-08/img_0483.jpg,7.120734,100.494377,คูเต่า,อำเภอหาดใหญ่,สงขลา,district_grid,26334,2026-03_to_2026-08,17,640,640
img_0484.jpg,images/2026_03-08/img_0484.jpg,7.102126,100.476478,คูเต่า,อำเภอหาดใหญ่,สงขลา,district_grid,26334,2026-03_to_2026-08,17,640,640
img_0485.jpg,images/2026_03-08/img_0485.jpg,7.107712,100.485028,คูเต่า,อำเภอหาดใหญ่,สงขลา,district_grid,26334,2026-03_to_2026-08,17,640,640
img_0486.jpg,images/2026_03-08/img_0486.jpg,7.098107,100.473223,คูเต่า,อำเภอหาดใหญ่,สงขลา,district_grid,26334,2026-03_to_2026-08,17,640,640
img_0487.jpg,images/2026_03-08/img_0487.jpg,7.126902,100.483341,คูเต่า,อำเภอหาดใหญ่,สงขลา,district_grid,26334,2026-03_to_2026-08,17,640,640
img_0488.jpg,images/2026_03-08/img_0488.jpg,7.120637,100.470178,คูเต่า,อำเภอหาดใหญ่,สงขลา,district_grid,26334,2026-03_to_2026-08,17,640,640
img_0489.jpg,images/2026_03-08/img_0489.jpg,7.115045,100.474764,คูเต่า,อำเภอหาดใหญ่,สงขลา,district_grid,26334,2026-03_to_2026-08,17,640,640
img_0490.jpg,images/2026_03-08/img_0490.jpg,7.113376,100.466328,คูเต่า,อำเภอหาดใหญ่,สงขลา,district_grid,26334,2026-03_to_2026-08,17,640,640
img_0491.jpg,images/2026_03-08/img_0491.jpg,7.109883,100.462597,คูเต่า,อำเภอหาดใหญ่,สงขลา,district_grid,26334,2026-03_to_2026-08,17,640,640
img_0492.jpg,images/2026_03-08/img_0492.jpg,7.095315,100.48559,คูเต่า,อำเภอหาดใหญ่,สงขลา,district_grid,26334,2026-03_to_2026-08,17,640,640
img_0493.jpg,images/2026_03-08/img_0493.jpg,7.119615,100.486664,คูเต่า,อำเภอหาดใหญ่,สงขลา,district_grid,26334,2026-03_to_2026-08,17,640,640
img_0494.jpg,images/2026_03-08/img_0494.jpg,7.105735,100.479721,คูเต่า,อำเภอหาดใหญ่,สงขลา,district_grid,26334,2026-03_to_2026-08,17,640,640
